vertID, degree
0, 2989
1, 1447
2, 1105
3, 982
4, 871
5, 856
6, 756
7, 706
8, 681
9, 614
10, 576
11, 524
12, 520
13, 531
14, 465
15, 475
16, 454
17, 462
18, 455
19, 431
20, 374
21, 420
22, 426
23, 425
24, 391
25, 411
26, 372
27, 357
28, 359
29, 380
30, 380
31, 329
32, 367
33, 343
34, 366
35, 337
36, 298
37, 332
38, 312
39, 295
40, 283
41, 301
42, 289
43, 330
44, 289
45, 302
46, 278
47, 307
48, 275
49, 262
50, 287
51, 280
52, 281
53, 270
54, 256
55, 263
56, 268
57, 290
58, 262
59, 252
60, 246
61, 231
62, 262
63, 264
64, 228
65, 244
66, 233
67, 216
68, 230
69, 241
70, 234
71, 232
72, 259
73, 235
74, 255
75, 200
76, 231
77, 222
78, 236
79, 214
80, 229
81, 206
82, 221
83, 207
84, 207
85, 193
86, 236
87, 231
88, 211
89, 181
90, 214
91, 199
92, 208
93, 203
94, 179
95, 193
96, 182
97, 201
98, 191
99, 193
100, 179
101, 210
102, 171
103, 171
104, 179
105, 186
106, 195
107, 190
108, 173
109, 160
110, 189
111, 181
112, 180
113, 211
114, 174
115, 188
116, 140
117, 187
118, 176
119, 171
120, 200
121, 166
122, 181
123, 151
124, 185
125, 175
126, 169
127, 181
128, 190
129, 186
130, 179
131, 190
132, 151
133, 195
134, 164
135, 172
136, 150
137, 161
138, 181
139, 192
140, 188
141, 155
142, 179
143, 181
144, 172
145, 159
146, 154
147, 177
148, 160
149, 164
150, 150
151, 164
152, 157
153, 154
154, 160
155, 158
156, 174
157, 173
158, 158
159, 149
160, 146
161, 173
162, 145
163, 146
164, 167
165, 142
166, 182
167, 143
168, 173
169, 141
170, 163
171, 158
172, 143
173, 156
174, 129
175, 156
176, 177
177, 143
178, 154
179, 141
180, 146
181, 150
182, 135
183, 133
184, 141
185, 156
186, 134
187, 146
188, 153
189, 134
190, 148
191, 144
192, 154
193, 149
194, 133
195, 155
196, 157
197, 141
198, 123
199, 136
200, 138
201, 144
202, 115
203, 132
204, 147
205, 133
206, 132
207, 170
208, 140
209, 121
210, 137
211, 135
212, 128
213, 135
214, 116
215, 128
216, 146
217, 143
218, 141
219, 132
220, 146
221, 128
222, 145
223, 147
224, 132
225, 133
226, 128
227, 131
228, 167
229, 131
230, 104
231, 115
232, 119
233, 117
234, 136
235, 133
236, 139
237, 121
238, 120
239, 139
240, 126
241, 139
242, 126
243, 136
244, 144
245, 130
246, 120
247, 130
248, 114
249, 122
250, 112
251, 135
252, 115
253, 118
254, 147
255, 106
256, 114
257, 123
258, 138
259, 133
260, 111
261, 117
262, 108
263, 116
264, 127
265, 133
266, 118
267, 124
268, 124
269, 114
270, 118
271, 119
272, 120
273, 112
274, 107
275, 115
276, 139
277, 103
278, 134
279, 113
280, 113
281, 116
282, 122
283, 119
284, 109
285, 102
286, 124
287, 122
288, 121
289, 133
290, 116
291, 118
292, 117
293, 103
294, 100
295, 117
296, 120
297, 121
298, 116
299, 109
300, 102
301, 111
302, 127
303, 103
304, 106
305, 99
306, 95
307, 109
308, 111
309, 100
310, 111
311, 119
312, 113
313, 110
314, 109
315, 95
316, 116
317, 109
318, 106
319, 120
320, 118
321, 116
322, 101
323, 111
324, 114
325, 123
326, 104
327, 103
328, 112
329, 110
330, 126
331, 102
332, 120
333, 105
334, 119
335, 119
336, 95
337, 116
338, 127
339, 99
340, 115
341, 87
342, 130
343, 109
344, 92
345, 106
346, 97
347, 115
348, 110
349, 114
350, 106
351, 108
352, 96
353, 118
354, 105
355, 97
356, 112
357, 114
358, 110
359, 97
360, 101
361, 97
362, 122
363, 110
364, 100
365, 102
366, 108
367, 103
368, 106
369, 107
370, 109
371, 106
372, 106
373, 108
374, 97
375, 108
376, 102
377, 96
378, 102
379, 85
380, 95
381, 102
382, 95
383, 121
384, 89
385, 117
386, 109
387, 106
388, 108
389, 127
390, 98
391, 85
392, 102
393, 91
394, 88
395, 115
396, 106
397, 98
398, 93
399, 96
400, 85
401, 111
402, 94
403, 100
404, 101
405, 96
406, 103
407, 104
408, 87
409, 99
410, 114
411, 89
412, 83
413, 85
414, 99
415, 93
416, 102
417, 111
418, 122
419, 89
420, 112
421, 96
422, 94
423, 90
424, 84
425, 87
426, 94
427, 78
428, 86
429, 87
430, 96
431, 104
432, 101
433, 102
434, 92
435, 101
436, 82
437, 108
438, 112
439, 99
440, 90
441, 96
442, 99
443, 97
444, 93
445, 118
446, 111
447, 103
448, 90
449, 87
450, 91
451, 101
452, 93
453, 102
454, 103
455, 87
456, 69
457, 92
458, 90
459, 89
460, 94
461, 95
462, 113
463, 97
464, 87
465, 94
466, 92
467, 100
468, 90
469, 74
470, 89
471, 77
472, 87
473, 84
474, 97
475, 94
476, 85
477, 91
478, 80
479, 77
480, 91
481, 75
482, 77
483, 88
484, 89
485, 101
486, 82
487, 82
488, 107
489, 83
490, 109
491, 68
492, 98
493, 92
494, 107
495, 101
496, 90
497, 92
498, 112
499, 91
500, 105
501, 81
502, 84
503, 84
504, 76
505, 93
506, 96
507, 98
508, 75
509, 101
510, 81
511, 110
512, 95
513, 81
514, 86
515, 81
516, 83
517, 87
518, 100
519, 75
520, 86
521, 91
522, 85
523, 85
524, 100
525, 87
526, 87
527, 87
528, 69
529, 79
530, 80
531, 89
532, 93
533, 88
534, 103
535, 84
536, 80
537, 94
538, 86
539, 88
540, 80
541, 93
542, 92
543, 85
544, 96
545, 77
546, 71
547, 95
548, 79
549, 87
550, 87
551, 117
552, 92
553, 83
554, 79
555, 74
556, 89
557, 70
558, 72
559, 96
560, 85
561, 92
562, 101
563, 87
564, 67
565, 90
566, 78
567, 88
568, 88
569, 87
570, 89
571, 73
572, 89
573, 93
574, 81
575, 83
576, 83
577, 71
578, 78
579, 69
580, 72
581, 78
582, 97
583, 79
584, 74
585, 83
586, 87
587, 93
588, 82
589, 80
590, 71
591, 70
592, 99
593, 79
594, 81
595, 80
596, 76
597, 61
598, 88
599, 76
600, 87
601, 82
602, 90
603, 81
604, 89
605, 80
606, 86
607, 89
608, 74
609, 67
610, 79
611, 72
612, 72
613, 73
614, 66
615, 86
616, 62
617, 82
618, 84
619, 71
620, 89
621, 78
622, 83
623, 88
624, 77
625, 101
626, 85
627, 77
628, 73
629, 92
630, 83
631, 81
632, 75
633, 66
634, 86
635, 81
636, 95
637, 75
638, 73
639, 70
640, 82
641, 80
642, 91
643, 84
644, 70
645, 81
646, 88
647, 84
648, 83
649, 73
650, 82
651, 77
652, 76
653, 62
654, 69
655, 82
656, 69
657, 88
658, 78
659, 72
660, 89
661, 66
662, 74
663, 76
664, 77
665, 72
666, 70
667, 80
668, 78
669, 77
670, 94
671, 84
672, 80
673, 75
674, 68
675, 86
676, 73
677, 86
678, 92
679, 82
680, 78
681, 74
682, 79
683, 75
684, 75
685, 80
686, 80
687, 80
688, 84
689, 78
690, 73
691, 81
692, 72
693, 79
694, 77
695, 82
696, 73
697, 80
698, 70
699, 67
700, 80
701, 68
702, 88
703, 81
704, 85
705, 81
706, 69
707, 90
708, 72
709, 74
710, 79
711, 67
712, 88
713, 82
714, 75
715, 64
716, 105
717, 65
718, 73
719, 70
720, 64
721, 69
722, 60
723, 67
724, 75
725, 70
726, 77
727, 81
728, 75
729, 65
730, 59
731, 80
732, 75
733, 54
734, 74
735, 80
736, 68
737, 78
738, 65
739, 77
740, 69
741, 72
742, 68
743, 77
744, 72
745, 71
746, 79
747, 81
748, 73
749, 91
750, 79
751, 78
752, 73
753, 63
754, 78
755, 64
756, 86
757, 71
758, 73
759, 61
760, 79
761, 79
762, 68
763, 81
764, 75
765, 77
766, 68
767, 65
768, 88
769, 61
770, 80
771, 82
772, 88
773, 89
774, 74
775, 67
776, 74
777, 80
778, 67
779, 70
780, 63
781, 67
782, 72
783, 73
784, 73
785, 73
786, 74
787, 84
788, 71
789, 74
790, 67
791, 77
792, 67
793, 65
794, 74
795, 69
796, 78
797, 78
798, 83
799, 59
800, 73
801, 69
802, 73
803, 61
804, 57
805, 78
806, 77
807, 61
808, 77
809, 85
810, 60
811, 72
812, 73
813, 71
814, 58
815, 80
816, 76
817, 72
818, 64
819, 75
820, 84
821, 65
822, 55
823, 69
824, 70
825, 83
826, 72
827, 60
828, 65
829, 74
830, 60
831, 55
832, 74
833, 69
834, 73
835, 66
836, 63
837, 74
838, 78
839, 70
840, 55
841, 65
842, 78
843, 69
844, 64
845, 76
846, 67
847, 66
848, 67
849, 65
850, 74
851, 72
852, 76
853, 63
854, 67
855, 57
856, 79
857, 50
858, 65
859, 68
860, 72
861, 56
862, 48
863, 66
864, 65
865, 61
866, 70
867, 60
868, 74
869, 73
870, 65
871, 68
872, 67
873, 66
874, 75
875, 72
876, 62
877, 66
878, 49
879, 66
880, 82
881, 80
882, 69
883, 83
884, 75
885, 72
886, 61
887, 81
888, 73
889, 70
890, 70
891, 52
892, 72
893, 80
894, 73
895, 86
896, 76
897, 74
898, 70
899, 54
900, 58
901, 57
902, 66
903, 61
904, 77
905, 66
906, 63
907, 71
908, 81
909, 64
910, 64
911, 60
912, 78
913, 66
914, 63
915, 56
916, 68
917, 69
918, 51
919, 71
920, 68
921, 61
922, 70
923, 61
924, 63
925, 70
926, 58
927, 73
928, 75
929, 58
930, 63
931, 50
932, 56
933, 77
934, 58
935, 63
936, 53
937, 65
938, 72
939, 63
940, 66
941, 60
942, 63
943, 60
944, 65
945, 66
946, 62
947, 62
948, 55
949, 54
950, 64
951, 78
952, 68
953, 68
954, 70
955, 63
956, 64
957, 61
958, 71
959, 72
960, 66
961, 64
962, 59
963, 65
964, 63
965, 69
966, 68
967, 61
968, 68
969, 56
970, 64
971, 62
972, 84
973, 74
974, 60
975, 87
976, 71
977, 56
978, 56
979, 70
980, 54
981, 63
982, 59
983, 56
984, 79
985, 61
986, 69
987, 66
988, 71
989, 67
990, 86
991, 52
992, 57
993, 76
994, 60
995, 68
996, 61
997, 84
998, 72
999, 75
1000, 47
1001, 60
1002, 57
1003, 58
1004, 71
1005, 58
1006, 73
1007, 74
1008, 64
1009, 66
1010, 71
1011, 76
1012, 60
1013, 57
1014, 68
1015, 59
1016, 63
1017, 55
1018, 68
1019, 72
1020, 61
1021, 55
1022, 82
1023, 51
1024, 44
1025, 66
1026, 43
1027, 61
1028, 70
1029, 60
1030, 62
1031, 62
1032, 65
1033, 67
1034, 64
1035, 62
1036, 53
1037, 69
1038, 64
1039, 52
1040, 68
1041, 48
1042, 65
1043, 57
1044, 51
1045, 63
1046, 65
1047, 63
1048, 64
1049, 69
1050, 57
1051, 56
1052, 56
1053, 62
1054, 52
1055, 60
1056, 58
1057, 75
1058, 49
1059, 57
1060, 70
1061, 62
1062, 57
1063, 46
1064, 50
1065, 59
1066, 62
1067, 61
1068, 79
1069, 64
1070, 57
1071, 58
1072, 67
1073, 62
1074, 56
1075, 71
1076, 53
1077, 61
1078, 64
1079, 55
1080, 76
1081, 55
1082, 64
1083, 57
1084, 64
1085, 56
1086, 62
1087, 56
1088, 64
1089, 68
1090, 79
1091, 65
1092, 69
1093, 59
1094, 64
1095, 57
1096, 60
1097, 72
1098, 61
1099, 62
1100, 49
1101, 55
1102, 61
1103, 52
1104, 63
1105, 68
1106, 60
1107, 56
1108, 60
1109, 73
1110, 66
1111, 57
1112, 52
1113, 54
1114, 69
1115, 58
1116, 61
1117, 67
1118, 80
1119, 67
1120, 48
1121, 59
1122, 59
1123, 46
1124, 62
1125, 67
1126, 60
1127, 63
1128, 57
1129, 67
1130, 62
1131, 63
1132, 63
1133, 67
1134, 57
1135, 50
1136, 69
1137, 57
1138, 52
1139, 69
1140, 67
1141, 71
1142, 58
1143, 54
1144, 57
1145, 55
1146, 66
1147, 64
1148, 55
1149, 71
1150, 67
1151, 51
1152, 48
1153, 64
1154, 65
1155, 60
1156, 70
1157, 52
1158, 50
1159, 58
1160, 60
1161, 59
1162, 56
1163, 55
1164, 51
1165, 61
1166, 67
1167, 58
1168, 60
1169, 59
1170, 50
1171, 56
1172, 47
1173, 56
1174, 51
1175, 59
1176, 65
1177, 64
1178, 60
1179, 67
1180, 57
1181, 55
1182, 54
1183, 53
1184, 64
1185, 65
1186, 49
1187, 74
1188, 51
1189, 54
1190, 55
1191, 66
1192, 51
1193, 58
1194, 64
1195, 55
1196, 52
1197, 62
1198, 58
1199, 51
1200, 52
1201, 67
1202, 62
1203, 64
1204, 66
1205, 50
1206, 61
1207, 52
1208, 51
1209, 61
1210, 67
1211, 57
1212, 56
1213, 65
1214, 45
1215, 55
1216, 54
1217, 53
1218, 58
1219, 66
1220, 65
1221, 63
1222, 49
1223, 54
1224, 54
1225, 60
1226, 38
1227, 72
1228, 57
1229, 60
1230, 64
1231, 67
1232, 51
1233, 64
1234, 61
1235, 63
1236, 72
1237, 60
1238, 50
1239, 53
1240, 51
1241, 62
1242, 57
1243, 54
1244, 71
1245, 64
1246, 68
1247, 57
1248, 53
1249, 67
1250, 58
1251, 51
1252, 57
1253, 59
1254, 64
1255, 53
1256, 54
1257, 63
1258, 60
1259, 66
1260, 70
1261, 53
1262, 57
1263, 53
1264, 70
1265, 57
1266, 57
1267, 54
1268, 57
1269, 58
1270, 44
1271, 60
1272, 58
1273, 64
1274, 42
1275, 46
1276, 55
1277, 62
1278, 51
1279, 61
1280, 57
1281, 49
1282, 49
1283, 70
1284, 62
1285, 54
1286, 53
1287, 39
1288, 48
1289, 57
1290, 66
1291, 55
1292, 53
1293, 52
1294, 65
1295, 55
1296, 54
1297, 44
1298, 61
1299, 60
1300, 43
1301, 54
1302, 57
1303, 57
1304, 54
1305, 47
1306, 59
1307, 57
1308, 55
1309, 71
1310, 64
1311, 53
1312, 60
1313, 50
1314, 59
1315, 57
1316, 56
1317, 59
1318, 60
1319, 61
1320, 56
1321, 60
1322, 56
1323, 47
1324, 59
1325, 60
1326, 59
1327, 47
1328, 49
1329, 51
1330, 43
1331, 56
1332, 46
1333, 47
1334, 55
1335, 65
1336, 45
1337, 63
1338, 51
1339, 48
1340, 62
1341, 42
1342, 45
1343, 55
1344, 55
1345, 65
1346, 57
1347, 59
1348, 51
1349, 65
1350, 47
1351, 52
1352, 50
1353, 59
1354, 62
1355, 61
1356, 48
1357, 49
1358, 55
1359, 50
1360, 56
1361, 50
1362, 59
1363, 66
1364, 50
1365, 48
1366, 58
1367, 43
1368, 60
1369, 56
1370, 73
1371, 49
1372, 52
1373, 62
1374, 49
1375, 53
1376, 58
1377, 47
1378, 43
1379, 52
1380, 55
1381, 51
1382, 59
1383, 50
1384, 52
1385, 48
1386, 63
1387, 58
1388, 47
1389, 60
1390, 47
1391, 56
1392, 59
1393, 50
1394, 43
1395, 59
1396, 45
1397, 58
1398, 47
1399, 72
1400, 42
1401, 55
1402, 65
1403, 63
1404, 56
1405, 69
1406, 67
1407, 56
1408, 44
1409, 61
1410, 55
1411, 60
1412, 46
1413, 62
1414, 68
1415, 57
1416, 46
1417, 53
1418, 55
1419, 50
1420, 48
1421, 47
1422, 40
1423, 69
1424, 55
1425, 55
1426, 50
1427, 51
1428, 63
1429, 60
1430, 46
1431, 66
1432, 57
1433, 60
1434, 50
1435, 47
1436, 58
1437, 56
1438, 42
1439, 53
1440, 53
1441, 44
1442, 57
1443, 51
1444, 62
1445, 61
1446, 47
1447, 61
1448, 61
1449, 53
1450, 52
1451, 51
1452, 53
1453, 57
1454, 37
1455, 62
1456, 52
1457, 63
1458, 56
1459, 62
1460, 53
1461, 39
1462, 50
1463, 50
1464, 51
1465, 52
1466, 53
1467, 61
1468, 55
1469, 63
1470, 53
1471, 70
1472, 45
1473, 60
1474, 41
1475, 45
1476, 45
1477, 53
1478, 67
1479, 60
1480, 37
1481, 70
1482, 40
1483, 45
1484, 65
1485, 49
1486, 59
1487, 51
1488, 47
1489, 58
1490, 56
1491, 68
1492, 47
1493, 55
1494, 44
1495, 52
1496, 48
1497, 50
1498, 51
1499, 61
1500, 46
1501, 47
1502, 50
1503, 51
1504, 55
1505, 61
1506, 58
1507, 53
1508, 59
1509, 48
1510, 49
1511, 62
1512, 51
1513, 51
1514, 48
1515, 50
1516, 55
1517, 43
1518, 64
1519, 52
1520, 55
1521, 55
1522, 52
1523, 44
1524, 55
1525, 57
1526, 47
1527, 45
1528, 52
1529, 56
1530, 52
1531, 52
1532, 61
1533, 56
1534, 53
1535, 56
1536, 46
1537, 53
1538, 54
1539, 40
1540, 53
1541, 48
1542, 56
1543, 59
1544, 50
1545, 54
1546, 51
1547, 53
1548, 33
1549, 45
1550, 54
1551, 56
1552, 50
1553, 51
1554, 51
1555, 46
1556, 53
1557, 48
1558, 65
1559, 45
1560, 61
1561, 61
1562, 38
1563, 60
1564, 41
1565, 47
1566, 58
1567, 48
1568, 48
1569, 50
1570, 47
1571, 48
1572, 58
1573, 56
1574, 55
1575, 41
1576, 52
1577, 47
1578, 44
1579, 45
1580, 48
1581, 52
1582, 50
1583, 47
1584, 42
1585, 46
1586, 42
1587, 40
1588, 51
1589, 52
1590, 59
1591, 49
1592, 57
1593, 65
1594, 58
1595, 52
1596, 52
1597, 58
1598, 43
1599, 63
1600, 48
1601, 48
1602, 55
1603, 36
1604, 50
1605, 64
1606, 47
1607, 45
1608, 50
1609, 42
1610, 61
1611, 43
1612, 48
1613, 30
1614, 43
1615, 61
1616, 50
1617, 58
1618, 55
1619, 70
1620, 41
1621, 54
1622, 61
1623, 46
1624, 53
1625, 52
1626, 50
1627, 53
1628, 51
1629, 40
1630, 64
1631, 41
1632, 38
1633, 48
1634, 48
1635, 48
1636, 41
1637, 62
1638, 52
1639, 45
1640, 49
1641, 45
1642, 60
1643, 58
1644, 50
1645, 37
1646, 43
1647, 45
1648, 54
1649, 57
1650, 50
1651, 57
1652, 49
1653, 44
1654, 62
1655, 62
1656, 43
1657, 46
1658, 47
1659, 46
1660, 49
1661, 52
1662, 52
1663, 41
1664, 49
1665, 50
1666, 47
1667, 55
1668, 60
1669, 51
1670, 52
1671, 47
1672, 63
1673, 47
1674, 54
1675, 48
1676, 45
1677, 69
1678, 60
1679, 63
1680, 53
1681, 42
1682, 50
1683, 49
1684, 47
1685, 50
1686, 42
1687, 36
1688, 43
1689, 50
1690, 54
1691, 46
1692, 43
1693, 44
1694, 53
1695, 58
1696, 44
1697, 38
1698, 40
1699, 57
1700, 54
1701, 46
1702, 44
1703, 39
1704, 54
1705, 60
1706, 47
1707, 58
1708, 57
1709, 58
1710, 47
1711, 46
1712, 51
1713, 38
1714, 62
1715, 51
1716, 47
1717, 55
1718, 51
1719, 45
1720, 54
1721, 40
1722, 42
1723, 47
1724, 49
1725, 60
1726, 60
1727, 65
1728, 59
1729, 52
1730, 59
1731, 52
1732, 46
1733, 55
1734, 34
1735, 58
1736, 39
1737, 36
1738, 48
1739, 34
1740, 48
1741, 52
1742, 42
1743, 57
1744, 39
1745, 51
1746, 51
1747, 61
1748, 48
1749, 43
1750, 60
1751, 51
1752, 62
1753, 57
1754, 60
1755, 52
1756, 56
1757, 41
1758, 45
1759, 49
1760, 43
1761, 47
1762, 48
1763, 39
1764, 38
1765, 41
1766, 53
1767, 46
1768, 43
1769, 38
1770, 40
1771, 44
1772, 54
1773, 53
1774, 43
1775, 47
1776, 33
1777, 35
1778, 46
1779, 45
1780, 54
1781, 63
1782, 55
1783, 49
1784, 48
1785, 39
1786, 51
1787, 54
1788, 39
1789, 45
1790, 53
1791, 54
1792, 53
1793, 38
1794, 45
1795, 53
1796, 51
1797, 42
1798, 43
1799, 29
1800, 43
1801, 55
1802, 47
1803, 45
1804, 53
1805, 40
1806, 34
1807, 51
1808, 44
1809, 44
1810, 50
1811, 46
1812, 38
1813, 46
1814, 43
1815, 49
1816, 43
1817, 44
1818, 40
1819, 36
1820, 50
1821, 49
1822, 44
1823, 57
1824, 47
1825, 58
1826, 44
1827, 50
1828, 46
1829, 49
1830, 41
1831, 54
1832, 39
1833, 36
1834, 36
1835, 35
1836, 39
1837, 55
1838, 52
1839, 44
1840, 45
1841, 61
1842, 47
1843, 43
1844, 62
1845, 40
1846, 38
1847, 41
1848, 39
1849, 49
1850, 49
1851, 33
1852, 48
1853, 44
1854, 29
1855, 48
1856, 60
1857, 51
1858, 53
1859, 42
1860, 48
1861, 46
1862, 40
1863, 44
1864, 56
1865, 50
1866, 56
1867, 35
1868, 44
1869, 37
1870, 51
1871, 46
1872, 42
1873, 41
1874, 46
1875, 44
1876, 40
1877, 31
1878, 42
1879, 58
1880, 48
1881, 45
1882, 41
1883, 50
1884, 38
1885, 47
1886, 41
1887, 49
1888, 46
1889, 51
1890, 52
1891, 47
1892, 44
1893, 52
1894, 55
1895, 48
1896, 47
1897, 47
1898, 38
1899, 46
1900, 38
1901, 46
1902, 49
1903, 43
1904, 41
1905, 43
1906, 39
1907, 48
1908, 40
1909, 43
1910, 43
1911, 38
1912, 43
1913, 42
1914, 39
1915, 51
1916, 42
1917, 42
1918, 47
1919, 42
1920, 51
1921, 49
1922, 44
1923, 42
1924, 45
1925, 36
1926, 30
1927, 50
1928, 54
1929, 45
1930, 46
1931, 45
1932, 55
1933, 61
1934, 41
1935, 38
1936, 61
1937, 52
1938, 55
1939, 56
1940, 47
1941, 49
1942, 54
1943, 41
1944, 41
1945, 50
1946, 35
1947, 56
1948, 54
1949, 45
1950, 45
1951, 50
1952, 43
1953, 49
1954, 43
1955, 41
1956, 44
1957, 40
1958, 43
1959, 32
1960, 44
1961, 50
1962, 56
1963, 44
1964, 56
1965, 42
1966, 39
1967, 48
1968, 46
1969, 43
1970, 49
1971, 36
1972, 52
1973, 46
1974, 46
1975, 46
1976, 41
1977, 45
1978, 42
1979, 48
1980, 42
1981, 45
1982, 42
1983, 46
1984, 50
1985, 53
1986, 32
1987, 54
1988, 42
1989, 42
1990, 39
1991, 56
1992, 43
1993, 32
1994, 43
1995, 32
1996, 47
1997, 41
1998, 49
1999, 51
2000, 53
2001, 43
2002, 40
2003, 34
2004, 52
2005, 62
2006, 50
2007, 31
2008, 44
2009, 44
2010, 44
2011, 34
2012, 47
2013, 48
2014, 36
2015, 49
2016, 50
2017, 44
2018, 54
2019, 51
2020, 39
2021, 42
2022, 59
2023, 47
2024, 35
2025, 42
2026, 54
2027, 54
2028, 48
2029, 49
2030, 30
2031, 50
2032, 35
2033, 49
2034, 33
2035, 45
2036, 43
2037, 49
2038, 43
2039, 34
2040, 40
2041, 53
2042, 49
2043, 39
2044, 43
2045, 51
2046, 43
2047, 48
2048, 38
2049, 48
2050, 49
2051, 40
2052, 48
2053, 46
2054, 36
2055, 38
2056, 49
2057, 49
2058, 33
2059, 29
2060, 55
2061, 43
2062, 33
2063, 38
2064, 26
2065, 50
2066, 41
2067, 58
2068, 42
2069, 39
2070, 44
2071, 45
2072, 46
2073, 40
2074, 43
2075, 37
2076, 48
2077, 48
2078, 46
2079, 52
2080, 45
2081, 39
2082, 57
2083, 39
2084, 34
2085, 48
2086, 34
2087, 49
2088, 47
2089, 48
2090, 34
2091, 39
2092, 40
2093, 28
2094, 38
2095, 39
2096, 34
2097, 30
2098, 39
2099, 44
2100, 51
2101, 54
2102, 45
2103, 42
2104, 43
2105, 43
2106, 40
2107, 44
2108, 43
2109, 44
2110, 42
2111, 37
2112, 42
2113, 49
2114, 42
2115, 44
2116, 43
2117, 54
2118, 36
2119, 46
2120, 43
2121, 48
2122, 45
2123, 42
2124, 40
2125, 49
2126, 42
2127, 47
2128, 42
2129, 36
2130, 42
2131, 58
2132, 45
2133, 40
2134, 42
2135, 58
2136, 52
2137, 35
2138, 55
2139, 43
2140, 59
2141, 43
2142, 35
2143, 43
2144, 44
2145, 52
2146, 43
2147, 57
2148, 39
2149, 47
2150, 57
2151, 42
2152, 46
2153, 51
2154, 43
2155, 45
2156, 54
2157, 58
2158, 34
2159, 40
2160, 44
2161, 44
2162, 48
2163, 43
2164, 45
2165, 44
2166, 46
2167, 40
2168, 50
2169, 46
2170, 37
2171, 46
2172, 37
2173, 39
2174, 54
2175, 39
2176, 61
2177, 42
2178, 38
2179, 39
2180, 37
2181, 43
2182, 49
2183, 48
2184, 46
2185, 52
2186, 37
2187, 36
2188, 56
2189, 40
2190, 40
2191, 50
2192, 46
2193, 55
2194, 42
2195, 32
2196, 53
2197, 35
2198, 47
2199, 42
2200, 45
2201, 48
2202, 53
2203, 37
2204, 43
2205, 42
2206, 47
2207, 59
2208, 50
2209, 45
2210, 41
2211, 45
2212, 50
2213, 40
2214, 55
2215, 43
2216, 48
2217, 43
2218, 28
2219, 32
2220, 38
2221, 42
2222, 44
2223, 47
2224, 43
2225, 44
2226, 43
2227, 50
2228, 37
2229, 36
2230, 40
2231, 31
2232, 43
2233, 50
2234, 36
2235, 41
2236, 49
2237, 31
2238, 39
2239, 44
2240, 44
2241, 44
2242, 41
2243, 38
2244, 45
2245, 46
2246, 51
2247, 37
2248, 42
2249, 37
2250, 32
2251, 40
2252, 46
2253, 37
2254, 37
2255, 41
2256, 31
2257, 43
2258, 44
2259, 48
2260, 32
2261, 44
2262, 46
2263, 34
2264, 52
2265, 52
2266, 51
2267, 38
2268, 42
2269, 38
2270, 49
2271, 43
2272, 36
2273, 51
2274, 38
2275, 45
2276, 42
2277, 37
2278, 47
2279, 65
2280, 48
2281, 35
2282, 37
2283, 56
2284, 49
2285, 44
2286, 33
2287, 49
2288, 41
2289, 33
2290, 44
2291, 27
2292, 38
2293, 51
2294, 40
2295, 34
2296, 43
2297, 44
2298, 50
2299, 42
2300, 41
2301, 53
2302, 40
2303, 35
2304, 42
2305, 45
2306, 53
2307, 39
2308, 48
2309, 52
2310, 30
2311, 51
2312, 52
2313, 49
2314, 39
2315, 38
2316, 33
2317, 44
2318, 42
2319, 44
2320, 42
2321, 29
2322, 46
2323, 44
2324, 47
2325, 36
2326, 45
2327, 38
2328, 42
2329, 32
2330, 50
2331, 35
2332, 46
2333, 42
2334, 37
2335, 35
2336, 48
2337, 31
2338, 54
2339, 38
2340, 30
2341, 46
2342, 48
2343, 46
2344, 53
2345, 41
2346, 40
2347, 43
2348, 33
2349, 47
2350, 29
2351, 38
2352, 39
2353, 49
2354, 43
2355, 39
2356, 42
2357, 42
2358, 44
2359, 40
2360, 37
2361, 36
2362, 45
2363, 49
2364, 50
2365, 45
2366, 50
2367, 45
2368, 46
2369, 45
2370, 47
2371, 40
2372, 41
2373, 38
2374, 34
2375, 53
2376, 38
2377, 42
2378, 52
2379, 32
2380, 37
2381, 37
2382, 41
2383, 57
2384, 40
2385, 47
2386, 38
2387, 41
2388, 41
2389, 49
2390, 41
2391, 38
2392, 36
2393, 50
2394, 45
2395, 54
2396, 54
2397, 29
2398, 47
2399, 39
2400, 38
2401, 46
2402, 41
2403, 47
2404, 47
2405, 32
2406, 42
2407, 33
2408, 55
2409, 41
2410, 45
2411, 32
2412, 34
2413, 39
2414, 35
2415, 36
2416, 45
2417, 47
2418, 39
2419, 48
2420, 41
2421, 44
2422, 51
2423, 40
2424, 38
2425, 35
2426, 44
2427, 30
2428, 34
2429, 44
2430, 29
2431, 44
2432, 39
2433, 52
2434, 51
2435, 47
2436, 46
2437, 32
2438, 30
2439, 31
2440, 30
2441, 35
2442, 44
2443, 50
2444, 49
2445, 41
2446, 46
2447, 50
2448, 44
2449, 34
2450, 36
2451, 38
2452, 45
2453, 37
2454, 30
2455, 43
2456, 43
2457, 25
2458, 38
2459, 40
2460, 38
2461, 53
2462, 33
2463, 35
2464, 51
2465, 30
2466, 39
2467, 45
2468, 49
2469, 47
2470, 32
2471, 40
2472, 40
2473, 46
2474, 40
2475, 39
2476, 58
2477, 39
2478, 48
2479, 50
2480, 46
2481, 39
2482, 33
2483, 45
2484, 35
2485, 40
2486, 42
2487, 34
2488, 38
2489, 53
2490, 32
2491, 46
2492, 43
2493, 44
2494, 48
2495, 25
2496, 39
2497, 56
2498, 47
2499, 43
2500, 43
2501, 39
2502, 42
2503, 31
2504, 28
2505, 41
2506, 31
2507, 43
2508, 48
2509, 44
2510, 34
2511, 44
2512, 43
2513, 28
2514, 43
2515, 39
2516, 25
2517, 44
2518, 50
2519, 38
2520, 50
2521, 39
2522, 52
2523, 41
2524, 41
2525, 51
2526, 43
2527, 41
2528, 40
2529, 32
2530, 49
2531, 42
2532, 35
2533, 38
2534, 42
2535, 34
2536, 44
2537, 38
2538, 34
2539, 41
2540, 38
2541, 43
2542, 42
2543, 38
2544, 47
2545, 42
2546, 34
2547, 33
2548, 44
2549, 26
2550, 32
2551, 35
2552, 34
2553, 46
2554, 42
2555, 37
2556, 38
2557, 28
2558, 33
2559, 36
2560, 41
2561, 38
2562, 45
2563, 52
2564, 43
2565, 51
2566, 40
2567, 42
2568, 41
2569, 34
2570, 41
2571, 34
2572, 36
2573, 38
2574, 39
2575, 51
2576, 37
2577, 36
2578, 38
2579, 39
2580, 43
2581, 38
2582, 39
2583, 34
2584, 25
2585, 50
2586, 50
2587, 41
2588, 36
2589, 49
2590, 44
2591, 35
2592, 56
2593, 41
2594, 35
2595, 33
2596, 36
2597, 49
2598, 36
2599, 43
2600, 34
2601, 36
2602, 43
2603, 40
2604, 32
2605, 40
2606, 36
2607, 42
2608, 34
2609, 45
2610, 36
2611, 45
2612, 42
2613, 50
2614, 44
2615, 32
2616, 37
2617, 39
2618, 40
2619, 35
2620, 46
2621, 44
2622, 33
2623, 35
2624, 30
2625, 37
2626, 29
2627, 42
2628, 43
2629, 43
2630, 48
2631, 28
2632, 34
2633, 41
2634, 41
2635, 53
2636, 46
2637, 36
2638, 50
2639, 37
2640, 34
2641, 33
2642, 37
2643, 51
2644, 33
2645, 44
2646, 49
2647, 37
2648, 39
2649, 41
2650, 35
2651, 42
2652, 50
2653, 51
2654, 45
2655, 42
2656, 38
2657, 36
2658, 49
2659, 42
2660, 36
2661, 30
2662, 37
2663, 45
2664, 44
2665, 47
2666, 46
2667, 42
2668, 46
2669, 45
2670, 32
2671, 34
2672, 41
2673, 44
2674, 39
2675, 44
2676, 46
2677, 41
2678, 38
2679, 40
2680, 28
2681, 39
2682, 30
2683, 40
2684, 39
2685, 35
2686, 22
2687, 57
2688, 40
2689, 40
2690, 39
2691, 50
2692, 38
2693, 32
2694, 41
2695, 36
2696, 33
2697, 40
2698, 26
2699, 50
2700, 23
2701, 34
2702, 52
2703, 34
2704, 43
2705, 44
2706, 41
2707, 38
2708, 29
2709, 49
2710, 32
2711, 40
2712, 36
2713, 33
2714, 27
2715, 35
2716, 41
2717, 31
2718, 47
2719, 46
2720, 42
2721, 37
2722, 50
2723, 41
2724, 35
2725, 44
2726, 46
2727, 50
2728, 51
2729, 32
2730, 43
2731, 28
2732, 36
2733, 40
2734, 37
2735, 37
2736, 30
2737, 37
2738, 32
2739, 53
2740, 37
2741, 53
2742, 36
2743, 31
2744, 39
2745, 47
2746, 48
2747, 38
2748, 40
2749, 39
2750, 31
2751, 30
2752, 49
2753, 33
2754, 29
2755, 23
2756, 35
2757, 43
2758, 44
2759, 28
2760, 35
2761, 39
2762, 43
2763, 35
2764, 35
2765, 38
2766, 32
2767, 33
2768, 27
2769, 44
2770, 43
2771, 36
2772, 42
2773, 48
2774, 31
2775, 35
2776, 40
2777, 28
2778, 41
2779, 39
2780, 31
2781, 43
2782, 36
2783, 34
2784, 36
2785, 33
2786, 41
2787, 36
2788, 39
2789, 37
2790, 33
2791, 44
2792, 23
2793, 38
2794, 32
2795, 32
2796, 34
2797, 36
2798, 38
2799, 44
2800, 47
2801, 29
2802, 39
2803, 31
2804, 40
2805, 39
2806, 26
2807, 45
2808, 43
2809, 35
2810, 37
2811, 31
2812, 29
2813, 42
2814, 34
2815, 32
2816, 45
2817, 42
2818, 34
2819, 34
2820, 54
2821, 49
2822, 40
2823, 36
2824, 40
2825, 36
2826, 33
2827, 31
2828, 29
2829, 36
2830, 27
2831, 37
2832, 42
2833, 55
2834, 46
2835, 50
2836, 40
2837, 39
2838, 40
2839, 33
2840, 38
2841, 35
2842, 32
2843, 31
2844, 40
2845, 40
2846, 35
2847, 50
2848, 49
2849, 32
2850, 49
2851, 30
2852, 34
2853, 42
2854, 31
2855, 46
2856, 29
2857, 44
2858, 25
2859, 38
2860, 46
2861, 42
2862, 34
2863, 46
2864, 42
2865, 33
2866, 41
2867, 44
2868, 31
2869, 30
2870, 38
2871, 37
2872, 45
2873, 22
2874, 44
2875, 37
2876, 39
2877, 37
2878, 50
2879, 38
2880, 39
2881, 25
2882, 32
2883, 34
2884, 37
2885, 37
2886, 36
2887, 33
2888, 38
2889, 28
2890, 37
2891, 37
2892, 37
2893, 41
2894, 51
2895, 43
2896, 33
2897, 36
2898, 43
2899, 46
2900, 36
2901, 40
2902, 34
2903, 38
2904, 38
2905, 36
2906, 44
2907, 35
2908, 49
2909, 40
2910, 38
2911, 32
2912, 34
2913, 37
2914, 39
2915, 50
2916, 39
2917, 34
2918, 40
2919, 30
2920, 32
2921, 43
2922, 36
2923, 28
2924, 30
2925, 36
2926, 45
2927, 41
2928, 33
2929, 34
2930, 30
2931, 44
2932, 30
2933, 35
2934, 43
2935, 36
2936, 32
2937, 33
2938, 35
2939, 28
2940, 31
2941, 37
2942, 39
2943, 36
2944, 33
2945, 46
2946, 40
2947, 44
2948, 30
2949, 40
2950, 33
2951, 35
2952, 37
2953, 55
2954, 39
2955, 41
2956, 33
2957, 37
2958, 38
2959, 46
2960, 34
2961, 51
2962, 34
2963, 35
2964, 35
2965, 28
2966, 39
2967, 31
2968, 48
2969, 37
2970, 31
2971, 41
2972, 36
2973, 35
2974, 30
2975, 42
2976, 24
2977, 41
2978, 31
2979, 28
2980, 47
2981, 41
2982, 49
2983, 39
2984, 41
2985, 43
2986, 42
2987, 43
2988, 45
2989, 40
2990, 39
2991, 35
2992, 44
2993, 33
2994, 38
2995, 36
2996, 35
2997, 41
2998, 52
2999, 37
3000, 44
3001, 30
3002, 24
3003, 31
3004, 41
3005, 40
3006, 45
3007, 25
3008, 40
3009, 54
3010, 29
3011, 30
3012, 37
3013, 42
3014, 42
3015, 39
3016, 29
3017, 45
3018, 31
3019, 35
3020, 41
3021, 35
3022, 30
3023, 36
3024, 26
3025, 36
3026, 42
3027, 30
3028, 33
3029, 39
3030, 32
3031, 26
3032, 36
3033, 39
3034, 35
3035, 33
3036, 43
3037, 25
3038, 41
3039, 50
3040, 33
3041, 44
3042, 42
3043, 25
3044, 37
3045, 38
3046, 44
3047, 54
3048, 40
3049, 38
3050, 30
3051, 41
3052, 39
3053, 37
3054, 35
3055, 31
3056, 35
3057, 40
3058, 36
3059, 40
3060, 30
3061, 26
3062, 43
3063, 35
3064, 33
3065, 29
3066, 42
3067, 39
3068, 34
3069, 47
3070, 30
3071, 34
3072, 44
3073, 38
3074, 39
3075, 46
3076, 25
3077, 35
3078, 30
3079, 45
3080, 29
3081, 41
3082, 29
3083, 30
3084, 51
3085, 34
3086, 30
3087, 32
3088, 29
3089, 25
3090, 39
3091, 34
3092, 32
3093, 31
3094, 33
3095, 38
3096, 39
3097, 36
3098, 40
3099, 37
3100, 32
3101, 30
3102, 33
3103, 30
3104, 34
3105, 36
3106, 36
3107, 24
3108, 44
3109, 36
3110, 44
3111, 39
3112, 30
3113, 37
3114, 35
3115, 37
3116, 36
3117, 33
3118, 30
3119, 44
3120, 34
3121, 41
3122, 34
3123, 33
3124, 36
3125, 47
3126, 32
3127, 39
3128, 40
3129, 24
3130, 32
3131, 45
3132, 35
3133, 42
3134, 39
3135, 38
3136, 41
3137, 27
3138, 30
3139, 43
3140, 38
3141, 24
3142, 41
3143, 34
3144, 29
3145, 46
3146, 28
3147, 44
3148, 33
3149, 50
3150, 49
3151, 27
3152, 36
3153, 46
3154, 40
3155, 45
3156, 44
3157, 35
3158, 30
3159, 35
3160, 39
3161, 30
3162, 37
3163, 40
3164, 35
3165, 36
3166, 48
3167, 40
3168, 39
3169, 33
3170, 36
3171, 38
3172, 41
3173, 35
3174, 51
3175, 45
3176, 32
3177, 25
3178, 27
3179, 31
3180, 53
3181, 31
3182, 26
3183, 30
3184, 33
3185, 33
3186, 29
3187, 49
3188, 44
3189, 28
3190, 33
3191, 28
3192, 51
3193, 37
3194, 35
3195, 40
3196, 37
3197, 36
3198, 30
3199, 35
3200, 34
3201, 36
3202, 28
3203, 27
3204, 36
3205, 36
3206, 38
3207, 37
3208, 32
3209, 43
3210, 42
3211, 36
3212, 33
3213, 33
3214, 37
3215, 36
3216, 28
3217, 24
3218, 30
3219, 41
3220, 21
3221, 28
3222, 38
3223, 42
3224, 28
3225, 26
3226, 38
3227, 30
3228, 39
3229, 31
3230, 41
3231, 34
3232, 42
3233, 32
3234, 30
3235, 36
3236, 30
3237, 38
3238, 35
3239, 31
3240, 28
3241, 36
3242, 31
3243, 47
3244, 41
3245, 31
3246, 31
3247, 25
3248, 37
3249, 37
3250, 35
3251, 40
3252, 36
3253, 36
3254, 38
3255, 46
3256, 43
3257, 38
3258, 31
3259, 43
3260, 46
3261, 42
3262, 38
3263, 35
3264, 50
3265, 43
3266, 37
3267, 49
3268, 40
3269, 31
3270, 25
3271, 45
3272, 43
3273, 33
3274, 34
3275, 31
3276, 35
3277, 32
3278, 38
3279, 26
3280, 33
3281, 42
3282, 47
3283, 48
3284, 43
3285, 34
3286, 27
3287, 37
3288, 32
3289, 38
3290, 35
3291, 29
3292, 41
3293, 40
3294, 34
3295, 43
3296, 38
3297, 29
3298, 30
3299, 24
3300, 40
3301, 33
3302, 38
3303, 31
3304, 30
3305, 36
3306, 28
3307, 41
3308, 27
3309, 30
3310, 34
3311, 29
3312, 35
3313, 42
3314, 28
3315, 42
3316, 51
3317, 46
3318, 38
3319, 43
3320, 35
3321, 53
3322, 35
3323, 39
3324, 34
3325, 38
3326, 41
3327, 32
3328, 39
3329, 33
3330, 31
3331, 34
3332, 45
3333, 43
3334, 40
3335, 34
3336, 39
3337, 48
3338, 38
3339, 28
3340, 36
3341, 36
3342, 33
3343, 32
3344, 38
3345, 32
3346, 37
3347, 23
3348, 36
3349, 34
3350, 35
3351, 31
3352, 30
3353, 36
3354, 43
3355, 31
3356, 33
3357, 21
3358, 25
3359, 31
3360, 29
3361, 27
3362, 42
3363, 38
3364, 27
3365, 39
3366, 33
3367, 37
3368, 42
3369, 27
3370, 36
3371, 33
3372, 30
3373, 32
3374, 33
3375, 35
3376, 35
3377, 31
3378, 35
3379, 32
3380, 38
3381, 21
3382, 40
3383, 26
3384, 41
3385, 43
3386, 30
3387, 34
3388, 30
3389, 42
3390, 39
3391, 34
3392, 33
3393, 27
3394, 41
3395, 42
3396, 34
3397, 24
3398, 35
3399, 41
3400, 25
3401, 34
3402, 26
3403, 37
3404, 28
3405, 27
3406, 38
3407, 39
3408, 32
3409, 25
3410, 39
3411, 37
3412, 32
3413, 40
3414, 28
3415, 32
3416, 37
3417, 37
3418, 38
3419, 25
3420, 39
3421, 31
3422, 36
3423, 36
3424, 24
3425, 31
3426, 37
3427, 31
3428, 30
3429, 28
3430, 30
3431, 32
3432, 36
3433, 30
3434, 28
3435, 27
3436, 38
3437, 18
3438, 35
3439, 28
3440, 33
3441, 28
3442, 36
3443, 34
3444, 26
3445, 36
3446, 43
3447, 40
3448, 22
3449, 37
3450, 24
3451, 34
3452, 25
3453, 32
3454, 31
3455, 25
3456, 27
3457, 37
3458, 40
3459, 47
3460, 43
3461, 35
3462, 30
3463, 36
3464, 32
3465, 35
3466, 41
3467, 41
3468, 37
3469, 26
3470, 40
3471, 30
3472, 30
3473, 40
3474, 31
3475, 35
3476, 29
3477, 30
3478, 31
3479, 30
3480, 25
3481, 40
3482, 37
3483, 39
3484, 42
3485, 36
3486, 32
3487, 34
3488, 31
3489, 41
3490, 36
3491, 36
3492, 30
3493, 42
3494, 49
3495, 44
3496, 33
3497, 35
3498, 34
3499, 33
3500, 41
3501, 32
3502, 37
3503, 25
3504, 30
3505, 26
3506, 41
3507, 26
3508, 30
3509, 35
3510, 47
3511, 33
3512, 43
3513, 40
3514, 27
3515, 36
3516, 30
3517, 34
3518, 25
3519, 31
3520, 35
3521, 27
3522, 35
3523, 29
3524, 32
3525, 25
3526, 37
3527, 45
3528, 31
3529, 34
3530, 45
3531, 34
3532, 41
3533, 32
3534, 38
3535, 35
3536, 29
3537, 35
3538, 42
3539, 37
3540, 33
3541, 36
3542, 43
3543, 35
3544, 24
3545, 35
3546, 31
3547, 39
3548, 38
3549, 42
3550, 38
3551, 35
3552, 22
3553, 26
3554, 37
3555, 25
3556, 32
3557, 39
3558, 35
3559, 35
3560, 46
3561, 31
3562, 34
3563, 31
3564, 40
3565, 25
3566, 25
3567, 49
3568, 37
3569, 28
3570, 43
3571, 37
3572, 31
3573, 27
3574, 26
3575, 38
3576, 43
3577, 44
3578, 30
3579, 32
3580, 43
3581, 41
3582, 36
3583, 33
3584, 43
3585, 36
3586, 36
3587, 39
3588, 33
3589, 34
3590, 34
3591, 27
3592, 23
3593, 33
3594, 34
3595, 47
3596, 35
3597, 43
3598, 35
3599, 26
3600, 31
3601, 48
3602, 39
3603, 43
3604, 39
3605, 33
3606, 38
3607, 31
3608, 45
3609, 44
3610, 38
3611, 33
3612, 32
3613, 43
3614, 35
3615, 36
3616, 33
3617, 29
3618, 33
3619, 42
3620, 33
3621, 33
3622, 40
3623, 37
3624, 34
3625, 31
3626, 35
3627, 29
3628, 25
3629, 29
3630, 39
3631, 44
3632, 46
3633, 36
3634, 36
3635, 30
3636, 30
3637, 32
3638, 31
3639, 36
3640, 40
3641, 31
3642, 37
3643, 33
3644, 29
3645, 40
3646, 22
3647, 31
3648, 36
3649, 33
3650, 24
3651, 24
3652, 42
3653, 38
3654, 32
3655, 26
3656, 37
3657, 29
3658, 32
3659, 35
3660, 42
3661, 31
3662, 42
3663, 32
3664, 37
3665, 30
3666, 39
3667, 36
3668, 35
3669, 30
3670, 34
3671, 17
3672, 30
3673, 35
3674, 45
3675, 38
3676, 34
3677, 37
3678, 33
3679, 43
3680, 28
3681, 37
3682, 39
3683, 29
3684, 35
3685, 37
3686, 21
3687, 31
3688, 33
3689, 27
3690, 41
3691, 35
3692, 34
3693, 39
3694, 31
3695, 36
3696, 27
3697, 37
3698, 40
3699, 28
3700, 29
3701, 35
3702, 36
3703, 39
3704, 30
3705, 27
3706, 31
3707, 31
3708, 22
3709, 29
3710, 39
3711, 31
3712, 36
3713, 38
3714, 47
3715, 29
3716, 29
3717, 40
3718, 36
3719, 37
3720, 35
3721, 32
3722, 31
3723, 45
3724, 22
3725, 33
3726, 34
3727, 31
3728, 30
3729, 29
3730, 44
3731, 34
3732, 29
3733, 42
3734, 26
3735, 26
3736, 35
3737, 32
3738, 41
3739, 41
3740, 31
3741, 27
3742, 25
3743, 45
3744, 33
3745, 45
3746, 34
3747, 40
3748, 24
3749, 44
3750, 30
3751, 28
3752, 32
3753, 30
3754, 45
3755, 34
3756, 35
3757, 22
3758, 40
3759, 40
3760, 23
3761, 41
3762, 30
3763, 28
3764, 28
3765, 31
3766, 31
3767, 25
3768, 27
3769, 30
3770, 33
3771, 25
3772, 28
3773, 36
3774, 39
3775, 32
3776, 41
3777, 36
3778, 25
3779, 40
3780, 35
3781, 34
3782, 27
3783, 38
3784, 31
3785, 23
3786, 36
3787, 33
3788, 23
3789, 31
3790, 29
3791, 37
3792, 25
3793, 41
3794, 28
3795, 26
3796, 34
3797, 30
3798, 26
3799, 25
3800, 37
3801, 22
3802, 32
3803, 32
3804, 36
3805, 25
3806, 29
3807, 42
3808, 29
3809, 41
3810, 18
3811, 39
3812, 34
3813, 27
3814, 28
3815, 48
3816, 34
3817, 28
3818, 51
3819, 36
3820, 29
3821, 32
3822, 30
3823, 27
3824, 29
3825, 36
3826, 30
3827, 36
3828, 31
3829, 42
3830, 36
3831, 33
3832, 24
3833, 26
3834, 31
3835, 17
3836, 32
3837, 45
3838, 29
3839, 33
3840, 29
3841, 39
3842, 29
3843, 28
3844, 31
3845, 30
3846, 30
3847, 33
3848, 30
3849, 24
3850, 39
3851, 37
3852, 37
3853, 22
3854, 39
3855, 21
3856, 29
3857, 24
3858, 34
3859, 37
3860, 38
3861, 28
3862, 30
3863, 34
3864, 34
3865, 39
3866, 32
3867, 28
3868, 24
3869, 22
3870, 28
3871, 30
3872, 34
3873, 44
3874, 31
3875, 38
3876, 37
3877, 32
3878, 31
3879, 27
3880, 39
3881, 31
3882, 33
3883, 39
3884, 26
3885, 31
3886, 34
3887, 26
3888, 26
3889, 36
3890, 29
3891, 26
3892, 40
3893, 39
3894, 26
3895, 24
3896, 21
3897, 28
3898, 32
3899, 36
3900, 26
3901, 37
3902, 27
3903, 28
3904, 36
3905, 37
3906, 33
3907, 31
3908, 21
3909, 44
3910, 41
3911, 22
3912, 28
3913, 34
3914, 33
3915, 31
3916, 33
3917, 34
3918, 24
3919, 31
3920, 28
3921, 32
3922, 31
3923, 34
3924, 37
3925, 30
3926, 29
3927, 31
3928, 37
3929, 47
3930, 27
3931, 31
3932, 34
3933, 29
3934, 28
3935, 32
3936, 18
3937, 40
3938, 29
3939, 34
3940, 36
3941, 36
3942, 33
3943, 33
3944, 36
3945, 23
3946, 31
3947, 35
3948, 31
3949, 28
3950, 30
3951, 21
3952, 23
3953, 35
3954, 29
3955, 34
3956, 35
3957, 30
3958, 21
3959, 34
3960, 33
3961, 41
3962, 37
3963, 33
3964, 31
3965, 28
3966, 40
3967, 39
3968, 26
3969, 40
3970, 15
3971, 29
3972, 28
3973, 26
3974, 31
3975, 24
3976, 39
3977, 34
3978, 34
3979, 26
3980, 30
3981, 31
3982, 26
3983, 33
3984, 37
3985, 28
3986, 37
3987, 35
3988, 29
3989, 28
3990, 37
3991, 31
3992, 27
3993, 21
3994, 37
3995, 38
3996, 23
3997, 29
3998, 25
3999, 30
4000, 40
4001, 36
4002, 35
4003, 29
4004, 44
4005, 31
4006, 34
4007, 30
4008, 32
4009, 30
4010, 36
4011, 38
4012, 34
4013, 33
4014, 34
4015, 32
4016, 36
4017, 33
4018, 31
4019, 34
4020, 24
4021, 37
4022, 30
4023, 42
4024, 35
4025, 42
4026, 39
4027, 24
4028, 35
4029, 29
4030, 29
4031, 36
4032, 28
4033, 29
4034, 26
4035, 34
4036, 30
4037, 31
4038, 30
4039, 39
4040, 39
4041, 27
4042, 36
4043, 43
4044, 19
4045, 36
4046, 29
4047, 34
4048, 31
4049, 31
4050, 27
4051, 37
4052, 37
4053, 26
4054, 28
4055, 34
4056, 39
4057, 22
4058, 37
4059, 43
4060, 31
4061, 26
4062, 32
4063, 31
4064, 31
4065, 32
4066, 32
4067, 28
4068, 23
4069, 38
4070, 31
4071, 33
4072, 35
4073, 28
4074, 20
4075, 32
4076, 26
4077, 38
4078, 24
4079, 29
4080, 31
4081, 32
4082, 25
4083, 38
4084, 27
4085, 35
4086, 25
4087, 20
4088, 33
4089, 27
4090, 44
4091, 47
4092, 31
4093, 27
4094, 45
4095, 30
4096, 38
4097, 29
4098, 27
4099, 24
4100, 31
4101, 31
4102, 33
4103, 35
4104, 35
4105, 31
4106, 28
4107, 28
4108, 21
4109, 41
4110, 31
4111, 31
4112, 27
4113, 27
4114, 24
4115, 24
4116, 28
4117, 31
4118, 34
4119, 37
4120, 29
4121, 33
4122, 26
4123, 34
4124, 30
4125, 25
4126, 28
4127, 24
4128, 30
4129, 29
4130, 33
4131, 28
4132, 29
4133, 41
4134, 32
4135, 27
4136, 35
4137, 36
4138, 29
4139, 35
4140, 27
4141, 34
4142, 26
4143, 29
4144, 31
4145, 32
4146, 20
4147, 37
4148, 37
4149, 35
4150, 46
4151, 30
4152, 29
4153, 35
4154, 21
4155, 38
4156, 39
4157, 36
4158, 27
4159, 26
4160, 21
4161, 45
4162, 31
4163, 36
4164, 24
4165, 29
4166, 29
4167, 31
4168, 28
4169, 36
4170, 33
4171, 42
4172, 33
4173, 29
4174, 35
4175, 25
4176, 29
4177, 26
4178, 35
4179, 33
4180, 40
4181, 25
4182, 37
4183, 25
4184, 34
4185, 33
4186, 44
4187, 25
4188, 29
4189, 30
4190, 37
4191, 23
4192, 27
4193, 39
4194, 32
4195, 26
4196, 25
4197, 21
4198, 37
4199, 28
4200, 40
4201, 42
4202, 43
4203, 29
4204, 45
4205, 39
4206, 39
4207, 26
4208, 33
4209, 22
4210, 29
4211, 38
4212, 36
4213, 27
4214, 36
4215, 27
4216, 32
4217, 46
4218, 33
4219, 32
4220, 25
4221, 34
4222, 20
4223, 32
4224, 26
4225, 25
4226, 27
4227, 37
4228, 32
4229, 34
4230, 35
4231, 37
4232, 38
4233, 33
4234, 34
4235, 38
4236, 25
4237, 30
4238, 27
4239, 39
4240, 27
4241, 27
4242, 29
4243, 30
4244, 32
4245, 43
4246, 24
4247, 23
4248, 28
4249, 32
4250, 28
4251, 38
4252, 28
4253, 33
4254, 29
4255, 33
4256, 40
4257, 23
4258, 34
4259, 29
4260, 35
4261, 27
4262, 27
4263, 30
4264, 22
4265, 31
4266, 26
4267, 31
4268, 30
4269, 37
4270, 38
4271, 24
4272, 28
4273, 29
4274, 39
4275, 45
4276, 39
4277, 24
4278, 27
4279, 30
4280, 31
4281, 34
4282, 47
4283, 38
4284, 22
4285, 36
4286, 26
4287, 28
4288, 24
4289, 31
4290, 33
4291, 15
4292, 27
4293, 28
4294, 29
4295, 25
4296, 30
4297, 34
4298, 34
4299, 39
4300, 37
4301, 28
4302, 39
4303, 42
4304, 30
4305, 35
4306, 42
4307, 36
4308, 41
4309, 21
4310, 33
4311, 28
4312, 30
4313, 34
4314, 29
4315, 38
4316, 21
4317, 29
4318, 29
4319, 28
4320, 20
4321, 36
4322, 39
4323, 28
4324, 30
4325, 38
4326, 28
4327, 28
4328, 21
4329, 34
4330, 38
4331, 27
4332, 29
4333, 31
4334, 32
4335, 32
4336, 34
4337, 28
4338, 35
4339, 25
4340, 35
4341, 25
4342, 24
4343, 38
4344, 37
4345, 31
4346, 34
4347, 43
4348, 41
4349, 30
4350, 31
4351, 30
4352, 28
4353, 27
4354, 24
4355, 30
4356, 34
4357, 33
4358, 28
4359, 30
4360, 32
4361, 27
4362, 35
4363, 29
4364, 39
4365, 30
4366, 37
4367, 31
4368, 31
4369, 37
4370, 26
4371, 30
4372, 24
4373, 29
4374, 33
4375, 28
4376, 27
4377, 22
4378, 25
4379, 29
4380, 20
4381, 37
4382, 32
4383, 28
4384, 38
4385, 33
4386, 36
4387, 23
4388, 34
4389, 46
4390, 29
4391, 29
4392, 24
4393, 26
4394, 32
4395, 32
4396, 27
4397, 46
4398, 33
4399, 30
4400, 28
4401, 38
4402, 40
4403, 30
4404, 33
4405, 27
4406, 29
4407, 29
4408, 39
4409, 36
4410, 31
4411, 20
4412, 28
4413, 34
4414, 33
4415, 34
4416, 29
4417, 23
4418, 25
4419, 27
4420, 36
4421, 34
4422, 34
4423, 33
4424, 22
4425, 31
4426, 26
4427, 37
4428, 32
4429, 29
4430, 33
4431, 36
4432, 29
4433, 33
4434, 29
4435, 33
4436, 33
4437, 28
4438, 22
4439, 27
4440, 30
4441, 22
4442, 28
4443, 33
4444, 28
4445, 31
4446, 38
4447, 36
4448, 27
4449, 34
4450, 38
4451, 36
4452, 31
4453, 28
4454, 32
4455, 31
4456, 27
4457, 32
4458, 32
4459, 28
4460, 31
4461, 36
4462, 29
4463, 23
4464, 29
4465, 30
4466, 28
4467, 24
4468, 31
4469, 27
4470, 26
4471, 32
4472, 21
4473, 31
4474, 22
4475, 29
4476, 38
4477, 31
4478, 35
4479, 33
4480, 33
4481, 36
4482, 23
4483, 28
4484, 39
4485, 28
4486, 30
4487, 32
4488, 25
4489, 23
4490, 29
4491, 21
4492, 30
4493, 29
4494, 28
4495, 36
4496, 23
4497, 25
4498, 29
4499, 23
4500, 28
4501, 26
4502, 25
4503, 42
4504, 38
4505, 35
4506, 30
4507, 29
4508, 36
4509, 31
4510, 36
4511, 26
4512, 31
4513, 33
4514, 26
4515, 38
4516, 31
4517, 27
4518, 31
4519, 32
4520, 34
4521, 24
4522, 31
4523, 33
4524, 35
4525, 31
4526, 32
4527, 28
4528, 29
4529, 19
4530, 40
4531, 21
4532, 27
4533, 31
4534, 40
4535, 32
4536, 23
4537, 20
4538, 29
4539, 34
4540, 24
4541, 33
4542, 29
4543, 39
4544, 32
4545, 32
4546, 33
4547, 24
4548, 33
4549, 25
4550, 27
4551, 23
4552, 30
4553, 31
4554, 27
4555, 30
4556, 35
4557, 24
4558, 19
4559, 24
4560, 37
4561, 32
4562, 37
4563, 27
4564, 28
4565, 30
4566, 29
4567, 23
4568, 33
4569, 33
4570, 42
4571, 24
4572, 29
4573, 31
4574, 39
4575, 34
4576, 39
4577, 34
4578, 28
4579, 24
4580, 28
4581, 24
4582, 26
4583, 24
4584, 29
4585, 40
4586, 33
4587, 34
4588, 36
4589, 26
4590, 29
4591, 33
4592, 30
4593, 21
4594, 33
4595, 31
4596, 39
4597, 30
4598, 33
4599, 19
4600, 28
4601, 29
4602, 28
4603, 26
4604, 26
4605, 30
4606, 44
4607, 28
4608, 22
4609, 21
4610, 29
4611, 31
4612, 30
4613, 34
4614, 21
4615, 23
4616, 21
4617, 28
4618, 41
4619, 24
4620, 33
4621, 36
4622, 31
4623, 21
4624, 26
4625, 30
4626, 30
4627, 35
4628, 28
4629, 44
4630, 41
4631, 32
4632, 33
4633, 20
4634, 32
4635, 23
4636, 29
4637, 28
4638, 22
4639, 37
4640, 35
4641, 33
4642, 46
4643, 35
4644, 28
4645, 29
4646, 31
4647, 32
4648, 23
4649, 23
4650, 29
4651, 27
4652, 38
4653, 36
4654, 33
4655, 30
4656, 37
4657, 29
4658, 24
4659, 30
4660, 41
4661, 32
4662, 34
4663, 25
4664, 29
4665, 28
4666, 37
4667, 23
4668, 34
4669, 28
4670, 39
4671, 29
4672, 29
4673, 17
4674, 26
4675, 33
4676, 35
4677, 30
4678, 27
4679, 34
4680, 17
4681, 34
4682, 24
4683, 30
4684, 22
4685, 26
4686, 20
4687, 29
4688, 21
4689, 24
4690, 33
4691, 26
4692, 25
4693, 34
4694, 35
4695, 25
4696, 33
4697, 25
4698, 17
4699, 30
4700, 34
4701, 16
4702, 25
4703, 33
4704, 25
4705, 29
4706, 24
4707, 26
4708, 36
4709, 24
4710, 39
4711, 23
4712, 27
4713, 32
4714, 28
4715, 25
4716, 30
4717, 33
4718, 35
4719, 31
4720, 35
4721, 27
4722, 29
4723, 21
4724, 33
4725, 31
4726, 33
4727, 32
4728, 28
4729, 29
4730, 25
4731, 21
4732, 34
4733, 35
4734, 37
4735, 26
4736, 28
4737, 41
4738, 31
4739, 34
4740, 24
4741, 24
4742, 29
4743, 31
4744, 29
4745, 24
4746, 36
4747, 38
4748, 29
4749, 19
4750, 33
4751, 32
4752, 28
4753, 31
4754, 26
4755, 26
4756, 32
4757, 33
4758, 35
4759, 29
4760, 26
4761, 29
4762, 32
4763, 21
4764, 30
4765, 27
4766, 23
4767, 24
4768, 27
4769, 24
4770, 28
4771, 26
4772, 32
4773, 18
4774, 36
4775, 26
4776, 28
4777, 28
4778, 32
4779, 23
4780, 26
4781, 32
4782, 37
4783, 28
4784, 35
4785, 36
4786, 35
4787, 33
4788, 32
4789, 37
4790, 25
4791, 25
4792, 28
4793, 34
4794, 25
4795, 29
4796, 31
4797, 29
4798, 32
4799, 26
4800, 29
4801, 34
4802, 26
4803, 30
4804, 27
4805, 29
4806, 20
4807, 32
4808, 29
4809, 30
4810, 30
4811, 25
4812, 35
4813, 21
4814, 45
4815, 39
4816, 17
4817, 23
4818, 33
4819, 27
4820, 28
4821, 27
4822, 25
4823, 29
4824, 20
4825, 30
4826, 25
4827, 33
4828, 18
4829, 38
4830, 27
4831, 28
4832, 28
4833, 30
4834, 29
4835, 34
4836, 36
4837, 29
4838, 33
4839, 27
4840, 22
4841, 42
4842, 37
4843, 29
4844, 25
4845, 33
4846, 36
4847, 28
4848, 30
4849, 27
4850, 32
4851, 30
4852, 31
4853, 29
4854, 20
4855, 34
4856, 27
4857, 34
4858, 21
4859, 25
4860, 31
4861, 26
4862, 22
4863, 34
4864, 20
4865, 24
4866, 27
4867, 25
4868, 27
4869, 26
4870, 37
4871, 27
4872, 25
4873, 23
4874, 24
4875, 20
4876, 23
4877, 23
4878, 28
4879, 24
4880, 33
4881, 26
4882, 34
4883, 37
4884, 36
4885, 23
4886, 22
4887, 16
4888, 26
4889, 26
4890, 18
4891, 40
4892, 29
4893, 27
4894, 18
4895, 36
4896, 26
4897, 31
4898, 35
4899, 20
4900, 22
4901, 29
4902, 30
4903, 29
4904, 29
4905, 21
4906, 28
4907, 32
4908, 23
4909, 28
4910, 30
4911, 30
4912, 34
4913, 28
4914, 36
4915, 22
4916, 35
4917, 44
4918, 34
4919, 27
4920, 20
4921, 19
4922, 38
4923, 26
4924, 32
4925, 18
4926, 24
4927, 32
4928, 32
4929, 36
4930, 27
4931, 32
4932, 35
4933, 35
4934, 27
4935, 31
4936, 21
4937, 33
4938, 25
4939, 27
4940, 27
4941, 26
4942, 27
4943, 27
4944, 37
4945, 24
4946, 17
4947, 27
4948, 25
4949, 27
4950, 27
4951, 33
4952, 30
4953, 25
4954, 38
4955, 36
4956, 28
4957, 35
4958, 32
4959, 25
4960, 32
4961, 35
4962, 35
4963, 38
4964, 34
4965, 28
4966, 23
4967, 31
4968, 25
4969, 34
4970, 39
4971, 25
4972, 20
4973, 27
4974, 22
4975, 24
4976, 18
4977, 31
4978, 23
4979, 38
4980, 27
4981, 25
4982, 38
4983, 29
4984, 26
4985, 45
4986, 26
4987, 24
4988, 24
4989, 30
4990, 29
4991, 31
4992, 28
4993, 29
4994, 28
4995, 29
4996, 32
4997, 34
4998, 25
4999, 21
5000, 21
5001, 31
5002, 25
5003, 27
5004, 30
5005, 27
5006, 28
5007, 32
5008, 22
5009, 24
5010, 15
5011, 33
5012, 35
5013, 30
5014, 20
5015, 30
5016, 34
5017, 32
5018, 21
5019, 37
5020, 33
5021, 28
5022, 23
5023, 30
5024, 22
5025, 26
5026, 25
5027, 37
5028, 32
5029, 25
5030, 31
5031, 17
5032, 21
5033, 28
5034, 21
5035, 21
5036, 27
5037, 33
5038, 28
5039, 21
5040, 39
5041, 20
5042, 28
5043, 40
5044, 22
5045, 23
5046, 24
5047, 27
5048, 29
5049, 21
5050, 30
5051, 27
5052, 33
5053, 30
5054, 33
5055, 23
5056, 24
5057, 29
5058, 25
5059, 31
5060, 37
5061, 30
5062, 38
5063, 32
5064, 24
5065, 29
5066, 27
5067, 23
5068, 20
5069, 29
5070, 28
5071, 29
5072, 27
5073, 27
5074, 31
5075, 30
5076, 18
5077, 31
5078, 25
5079, 30
5080, 30
5081, 23
5082, 24
5083, 25
5084, 19
5085, 32
5086, 28
5087, 37
5088, 32
5089, 32
5090, 33
5091, 35
5092, 29
5093, 28
5094, 25
5095, 28
5096, 30
5097, 34
5098, 24
5099, 32
5100, 25
5101, 25
5102, 18
5103, 17
5104, 27
5105, 28
5106, 28
5107, 37
5108, 26
5109, 24
5110, 30
5111, 31
5112, 18
5113, 26
5114, 26
5115, 35
5116, 23
5117, 30
5118, 20
5119, 28
5120, 20
5121, 35
5122, 25
5123, 29
5124, 30
5125, 36
5126, 38
5127, 25
5128, 25
5129, 19
5130, 29
5131, 23
5132, 30
5133, 27
5134, 45
5135, 29
5136, 24
5137, 26
5138, 28
5139, 32
5140, 30
5141, 25
5142, 41
5143, 35
5144, 31
5145, 33
5146, 26
5147, 20
5148, 34
5149, 45
5150, 25
5151, 34
5152, 29
5153, 22
5154, 38
5155, 25
5156, 29
5157, 28
5158, 35
5159, 28
5160, 22
5161, 23
5162, 27
5163, 27
5164, 38
5165, 28
5166, 37
5167, 27
5168, 41
5169, 31
5170, 24
5171, 30
5172, 32
5173, 37
5174, 29
5175, 30
5176, 31
5177, 34
5178, 25
5179, 27
5180, 29
5181, 25
5182, 26
5183, 41
5184, 27
5185, 40
5186, 34
5187, 24
5188, 27
5189, 21
5190, 30
5191, 27
5192, 28
5193, 30
5194, 42
5195, 29
5196, 33
5197, 38
5198, 32
5199, 27
5200, 37
5201, 29
5202, 34
5203, 28
5204, 20
5205, 31
5206, 40
5207, 25
5208, 38
5209, 30
5210, 30
5211, 42
5212, 23
5213, 28
5214, 34
5215, 25
5216, 22
5217, 39
5218, 40
5219, 23
5220, 24
5221, 26
5222, 24
5223, 31
5224, 32
5225, 34
5226, 32
5227, 26
5228, 28
5229, 28
5230, 31
5231, 26
5232, 24
5233, 25
5234, 25
5235, 22
5236, 25
5237, 32
5238, 28
5239, 25
5240, 32
5241, 31
5242, 32
5243, 26
5244, 29
5245, 28
5246, 28
5247, 32
5248, 32
5249, 43
5250, 24
5251, 24
5252, 20
5253, 34
5254, 37
5255, 20
5256, 23
5257, 26
5258, 23
5259, 22
5260, 34
5261, 24
5262, 23
5263, 23
5264, 26
5265, 25
5266, 23
5267, 25
5268, 18
5269, 30
5270, 25
5271, 36
5272, 32
5273, 20
5274, 29
5275, 26
5276, 30
5277, 24
5278, 36
5279, 44
5280, 38
5281, 19
5282, 21
5283, 19
5284, 28
5285, 28
5286, 21
5287, 30
5288, 20
5289, 37
5290, 37
5291, 34
5292, 29
5293, 24
5294, 25
5295, 19
5296, 24
5297, 26
5298, 30
5299, 22
5300, 28
5301, 35
5302, 34
5303, 30
5304, 24
5305, 39
5306, 26
5307, 26
5308, 25
5309, 26
5310, 27
5311, 19
5312, 29
5313, 31
5314, 27
5315, 33
5316, 30
5317, 35
5318, 28
5319, 45
5320, 26
5321, 21
5322, 29
5323, 23
5324, 36
5325, 33
5326, 24
5327, 29
5328, 20
5329, 31
5330, 24
5331, 28
5332, 32
5333, 31
5334, 23
5335, 32
5336, 24
5337, 26
5338, 29
5339, 25
5340, 31
5341, 37
5342, 28
5343, 27
5344, 16
5345, 34
5346, 28
5347, 38
5348, 31
5349, 39
5350, 30
5351, 34
5352, 32
5353, 34
5354, 25
5355, 26
5356, 22
5357, 24
5358, 31
5359, 32
5360, 13
5361, 29
5362, 26
5363, 25
5364, 25
5365, 18
5366, 22
5367, 24
5368, 27
5369, 21
5370, 33
5371, 23
5372, 38
5373, 29
5374, 23
5375, 23
5376, 19
5377, 26
5378, 37
5379, 23
5380, 28
5381, 38
5382, 37
5383, 28
5384, 17
5385, 17
5386, 25
5387, 27
5388, 37
5389, 32
5390, 17
5391, 30
5392, 22
5393, 31
5394, 32
5395, 31
5396, 29
5397, 34
5398, 24
5399, 20
5400, 25
5401, 26
5402, 27
5403, 29
5404, 26
5405, 28
5406, 29
5407, 30
5408, 31
5409, 34
5410, 30
5411, 30
5412, 27
5413, 25
5414, 30
5415, 23
5416, 26
5417, 24
5418, 35
5419, 29
5420, 29
5421, 26
5422, 27
5423, 32
5424, 27
5425, 21
5426, 26
5427, 31
5428, 32
5429, 21
5430, 24
5431, 35
5432, 28
5433, 24
5434, 21
5435, 22
5436, 23
5437, 26
5438, 19
5439, 26
5440, 31
5441, 35
5442, 24
5443, 28
5444, 27
5445, 29
5446, 18
5447, 31
5448, 25
5449, 25
5450, 30
5451, 30
5452, 38
5453, 21
5454, 27
5455, 26
5456, 19
5457, 24
5458, 27
5459, 24
5460, 29
5461, 22
5462, 30
5463, 26
5464, 18
5465, 13
5466, 24
5467, 29
5468, 28
5469, 29
5470, 23
5471, 29
5472, 38
5473, 17
5474, 28
5475, 27
5476, 26
5477, 30
5478, 26
5479, 33
5480, 29
5481, 27
5482, 28
5483, 17
5484, 24
5485, 22
5486, 25
5487, 19
5488, 22
5489, 23
5490, 23
5491, 27
5492, 17
5493, 23
5494, 25
5495, 16
5496, 22
5497, 32
5498, 24
5499, 20
5500, 25
5501, 24
5502, 25
5503, 28
5504, 27
5505, 27
5506, 30
5507, 24
5508, 21
5509, 27
5510, 24
5511, 28
5512, 19
5513, 28
5514, 36
5515, 26
5516, 28
5517, 30
5518, 19
5519, 25
5520, 29
5521, 23
5522, 23
5523, 22
5524, 20
5525, 30
5526, 29
5527, 21
5528, 19
5529, 33
5530, 27
5531, 37
5532, 27
5533, 19
5534, 27
5535, 26
5536, 19
5537, 27
5538, 32
5539, 21
5540, 26
5541, 39
5542, 28
5543, 26
5544, 16
5545, 32
5546, 31
5547, 33
5548, 34
5549, 29
5550, 26
5551, 25
5552, 33
5553, 33
5554, 27
5555, 25
5556, 25
5557, 29
5558, 24
5559, 25
5560, 31
5561, 24
5562, 27
5563, 22
5564, 30
5565, 25
5566, 32
5567, 24
5568, 18
5569, 24
5570, 29
5571, 28
5572, 34
5573, 36
5574, 24
5575, 22
5576, 32
5577, 33
5578, 20
5579, 28
5580, 18
5581, 26
5582, 28
5583, 32
5584, 24
5585, 17
5586, 26
5587, 27
5588, 22
5589, 18
5590, 29
5591, 35
5592, 32
5593, 30
5594, 14
5595, 21
5596, 27
5597, 23
5598, 28
5599, 28
5600, 23
5601, 23
5602, 32
5603, 32
5604, 24
5605, 27
5606, 22
5607, 37
5608, 32
5609, 20
5610, 41
5611, 26
5612, 27
5613, 29
5614, 29
5615, 24
5616, 30
5617, 19
5618, 23
5619, 19
5620, 22
5621, 28
5622, 25
5623, 40
5624, 28
5625, 21
5626, 28
5627, 23
5628, 30
5629, 32
5630, 31
5631, 26
5632, 21
5633, 28
5634, 24
5635, 27
5636, 34
5637, 21
5638, 38
5639, 30
5640, 40
5641, 17
5642, 20
5643, 31
5644, 24
5645, 31
5646, 30
5647, 23
5648, 25
5649, 28
5650, 20
5651, 23
5652, 30
5653, 25
5654, 28
5655, 28
5656, 26
5657, 25
5658, 25
5659, 23
5660, 35
5661, 35
5662, 32
5663, 30
5664, 23
5665, 34
5666, 24
5667, 28
5668, 28
5669, 22
5670, 26
5671, 22
5672, 24
5673, 25
5674, 20
5675, 20
5676, 25
5677, 23
5678, 23
5679, 16
5680, 21
5681, 29
5682, 25
5683, 17
5684, 34
5685, 34
5686, 28
5687, 29
5688, 27
5689, 30
5690, 31
5691, 18
5692, 23
5693, 20
5694, 31
5695, 30
5696, 27
5697, 27
5698, 34
5699, 31
5700, 25
5701, 32
5702, 21
5703, 28
5704, 30
5705, 27
5706, 31
5707, 36
5708, 27
5709, 32
5710, 21
5711, 28
5712, 26
5713, 29
5714, 19
5715, 17
5716, 19
5717, 37
5718, 29
5719, 24
5720, 20
5721, 21
5722, 35
5723, 19
5724, 26
5725, 16
5726, 30
5727, 29
5728, 26
5729, 32
5730, 19
5731, 29
5732, 29
5733, 22
5734, 17
5735, 19
5736, 24
5737, 16
5738, 21
5739, 33
5740, 22
5741, 22
5742, 24
5743, 30
5744, 22
5745, 26
5746, 22
5747, 23
5748, 36
5749, 27
5750, 25
5751, 35
5752, 33
5753, 29
5754, 32
5755, 30
5756, 29
5757, 26
5758, 25
5759, 33
5760, 20
5761, 37
5762, 26
5763, 33
5764, 27
5765, 24
5766, 23
5767, 27
5768, 25
5769, 32
5770, 28
5771, 29
5772, 28
5773, 24
5774, 28
5775, 33
5776, 36
5777, 18
5778, 28
5779, 27
5780, 31
5781, 31
5782, 30
5783, 24
5784, 25
5785, 26
5786, 22
5787, 28
5788, 24
5789, 27
5790, 25
5791, 33
5792, 21
5793, 32
5794, 24
5795, 26
5796, 28
5797, 22
5798, 28
5799, 20
5800, 24
5801, 29
5802, 25
5803, 27
5804, 26
5805, 25
5806, 29
5807, 24
5808, 21
5809, 31
5810, 26
5811, 30
5812, 30
5813, 24
5814, 24
5815, 23
5816, 20
5817, 27
5818, 19
5819, 32
5820, 27
5821, 34
5822, 19
5823, 31
5824, 31
5825, 35
5826, 26
5827, 30
5828, 25
5829, 22
5830, 28
5831, 26
5832, 34
5833, 26
5834, 30
5835, 24
5836, 27
5837, 31
5838, 32
5839, 24
5840, 27
5841, 23
5842, 32
5843, 29
5844, 31
5845, 25
5846, 22
5847, 26
5848, 32
5849, 22
5850, 22
5851, 39
5852, 22
5853, 27
5854, 24
5855, 29
5856, 17
5857, 18
5858, 17
5859, 29
5860, 33
5861, 31
5862, 22
5863, 32
5864, 27
5865, 26
5866, 20
5867, 22
5868, 25
5869, 22
5870, 28
5871, 18
5872, 30
5873, 18
5874, 22
5875, 24
5876, 30
5877, 21
5878, 22
5879, 21
5880, 29
5881, 29
5882, 25
5883, 29
5884, 31
5885, 30
5886, 28
5887, 21
5888, 28
5889, 17
5890, 22
5891, 24
5892, 26
5893, 32
5894, 25
5895, 33
5896, 21
5897, 19
5898, 21
5899, 27
5900, 24
5901, 17
5902, 23
5903, 32
5904, 16
5905, 22
5906, 26
5907, 22
5908, 22
5909, 27
5910, 20
5911, 20
5912, 25
5913, 29
5914, 28
5915, 25
5916, 23
5917, 31
5918, 33
5919, 27
5920, 31
5921, 29
5922, 28
5923, 25
5924, 23
5925, 26
5926, 28
5927, 14
5928, 25
5929, 23
5930, 40
5931, 18
5932, 22
5933, 30
5934, 29
5935, 23
5936, 25
5937, 27
5938, 29
5939, 32
5940, 29
5941, 25
5942, 27
5943, 27
5944, 26
5945, 38
5946, 29
5947, 24
5948, 33
5949, 18
5950, 21
5951, 30
5952, 20
5953, 27
5954, 31
5955, 25
5956, 22
5957, 29
5958, 21
5959, 21
5960, 25
5961, 20
5962, 19
5963, 30
5964, 27
5965, 32
5966, 23
5967, 26
5968, 20
5969, 22
5970, 36
5971, 27
5972, 27
5973, 20
5974, 19
5975, 20
5976, 24
5977, 27
5978, 24
5979, 28
5980, 23
5981, 24
5982, 32
5983, 33
5984, 29
5985, 24
5986, 23
5987, 24
5988, 22
5989, 24
5990, 27
5991, 32
5992, 29
5993, 20
5994, 20
5995, 37
5996, 35
5997, 15
5998, 35
5999, 32
6000, 29
6001, 21
6002, 26
6003, 28
6004, 22
6005, 22
6006, 35
6007, 22
6008, 23
6009, 28
6010, 22
6011, 22
6012, 22
6013, 32
6014, 23
6015, 21
6016, 20
6017, 33
6018, 15
6019, 21
6020, 26
6021, 23
6022, 38
6023, 35
6024, 26
6025, 21
6026, 23
6027, 22
6028, 29
6029, 25
6030, 15
6031, 25
6032, 34
6033, 24
6034, 25
6035, 26
6036, 30
6037, 33
6038, 33
6039, 25
6040, 22
6041, 24
6042, 32
6043, 23
6044, 28
6045, 16
6046, 22
6047, 15
6048, 29
6049, 25
6050, 25
6051, 32
6052, 27
6053, 17
6054, 30
6055, 36
6056, 23
6057, 26
6058, 30
6059, 33
6060, 27
6061, 26
6062, 26
6063, 28
6064, 33
6065, 30
6066, 27
6067, 27
6068, 17
6069, 27
6070, 28
6071, 13
6072, 19
6073, 24
6074, 18
6075, 21
6076, 21
6077, 26
6078, 21
6079, 25
6080, 32
6081, 21
6082, 16
6083, 24
6084, 17
6085, 29
6086, 20
6087, 26
6088, 23
6089, 22
6090, 24
6091, 22
6092, 37
6093, 29
6094, 18
6095, 32
6096, 24
6097, 26
6098, 23
6099, 20
6100, 24
6101, 25
6102, 17
6103, 30
6104, 21
6105, 31
6106, 27
6107, 27
6108, 26
6109, 25
6110, 34
6111, 16
6112, 38
6113, 25
6114, 24
6115, 22
6116, 18
6117, 20
6118, 19
6119, 26
6120, 29
6121, 23
6122, 18
6123, 26
6124, 20
6125, 22
6126, 31
6127, 28
6128, 34
6129, 23
6130, 23
6131, 17
6132, 27
6133, 28
6134, 29
6135, 25
6136, 24
6137, 27
6138, 36
6139, 21
6140, 33
6141, 22
6142, 20
6143, 31
6144, 26
6145, 15
6146, 22
6147, 27
6148, 29
6149, 35
6150, 23
6151, 30
6152, 27
6153, 24
6154, 29
6155, 34
6156, 34
6157, 26
6158, 15
6159, 27
6160, 24
6161, 31
6162, 21
6163, 22
6164, 34
6165, 31
6166, 23
6167, 21
6168, 26
6169, 32
6170, 35
6171, 30
6172, 24
6173, 23
6174, 22
6175, 21
6176, 26
6177, 23
6178, 31
6179, 23
6180, 22
6181, 26
6182, 29
6183, 25
6184, 24
6185, 24
6186, 24
6187, 27
6188, 24
6189, 27
6190, 25
6191, 26
6192, 26
6193, 21
6194, 24
6195, 23
6196, 33
6197, 22
6198, 18
6199, 19
6200, 34
6201, 24
6202, 29
6203, 19
6204, 22
6205, 24
6206, 28
6207, 14
6208, 28
6209, 28
6210, 21
6211, 20
6212, 28
6213, 25
6214, 24
6215, 25
6216, 30
6217, 29
6218, 32
6219, 22
6220, 29
6221, 31
6222, 27
6223, 25
6224, 28
6225, 18
6226, 24
6227, 24
6228, 34
6229, 23
6230, 25
6231, 30
6232, 22
6233, 21
6234, 34
6235, 26
6236, 17
6237, 33
6238, 34
6239, 23
6240, 40
6241, 22
6242, 17
6243, 23
6244, 28
6245, 27
6246, 24
6247, 27
6248, 24
6249, 25
6250, 35
6251, 27
6252, 22
6253, 22
6254, 30
6255, 32
6256, 29
6257, 29
6258, 27
6259, 38
6260, 30
6261, 26
6262, 34
6263, 32
6264, 27
6265, 30
6266, 23
6267, 24
6268, 31
6269, 21
6270, 24
6271, 25
6272, 23
6273, 22
6274, 23
6275, 39
6276, 22
6277, 27
6278, 25
6279, 21
6280, 23
6281, 25
6282, 25
6283, 29
6284, 27
6285, 34
6286, 18
6287, 21
6288, 28
6289, 33
6290, 19
6291, 31
6292, 26
6293, 29
6294, 19
6295, 22
6296, 26
6297, 24
6298, 30
6299, 26
6300, 24
6301, 28
6302, 31
6303, 23
6304, 30
6305, 33
6306, 26
6307, 25
6308, 21
6309, 25
6310, 33
6311, 18
6312, 23
6313, 25
6314, 27
6315, 28
6316, 25
6317, 23
6318, 27
6319, 30
6320, 25
6321, 25
6322, 25
6323, 33
6324, 32
6325, 29
6326, 21
6327, 29
6328, 27
6329, 31
6330, 32
6331, 22
6332, 26
6333, 24
6334, 24
6335, 24
6336, 28
6337, 27
6338, 29
6339, 26
6340, 19
6341, 26
6342, 38
6343, 21
6344, 32
6345, 31
6346, 25
6347, 26
6348, 23
6349, 21
6350, 36
6351, 22
6352, 27
6353, 22
6354, 28
6355, 21
6356, 28
6357, 21
6358, 30
6359, 22
6360, 31
6361, 28
6362, 19
6363, 39
6364, 19
6365, 25
6366, 20
6367, 23
6368, 28
6369, 25
6370, 28
6371, 24
6372, 24
6373, 22
6374, 22
6375, 22
6376, 28
6377, 30
6378, 25
6379, 19
6380, 32
6381, 34
6382, 25
6383, 27
6384, 31
6385, 26
6386, 24
6387, 12
6388, 22
6389, 23
6390, 31
6391, 18
6392, 30
6393, 23
6394, 31
6395, 25
6396, 21
6397, 27
6398, 22
6399, 19
6400, 17
6401, 29
6402, 28
6403, 28
6404, 33
6405, 28
6406, 25
6407, 22
6408, 22
6409, 12
6410, 30
6411, 16
6412, 18
6413, 25
6414, 26
6415, 27
6416, 22
6417, 23
6418, 15
6419, 33
6420, 30
6421, 25
6422, 21
6423, 29
6424, 21
6425, 20
6426, 25
6427, 26
6428, 22
6429, 31
6430, 30
6431, 33
6432, 28
6433, 20
6434, 22
6435, 30
6436, 25
6437, 27
6438, 26
6439, 15
6440, 23
6441, 15
6442, 31
6443, 19
6444, 23
6445, 30
6446, 28
6447, 21
6448, 22
6449, 31
6450, 28
6451, 26
6452, 28
6453, 29
6454, 24
6455, 26
6456, 18
6457, 17
6458, 32
6459, 34
6460, 25
6461, 30
6462, 24
6463, 23
6464, 25
6465, 29
6466, 28
6467, 29
6468, 26
6469, 34
6470, 27
6471, 28
6472, 33
6473, 26
6474, 12
6475, 21
6476, 25
6477, 29
6478, 22
6479, 23
6480, 32
6481, 25
6482, 29
6483, 23
6484, 22
6485, 16
6486, 25
6487, 32
6488, 28
6489, 20
6490, 23
6491, 27
6492, 24
6493, 32
6494, 22
6495, 30
6496, 25
6497, 31
6498, 28
6499, 26
6500, 16
6501, 28
6502, 27
6503, 35
6504, 26
6505, 27
6506, 28
6507, 27
6508, 19
6509, 32
6510, 37
6511, 24
6512, 28
6513, 20
6514, 23
6515, 23
6516, 28
6517, 24
6518, 18
6519, 26
6520, 23
6521, 22
6522, 25
6523, 22
6524, 18
6525, 22
6526, 23
6527, 29
6528, 22
6529, 28
6530, 22
6531, 29
6532, 38
6533, 26
6534, 20
6535, 19
6536, 30
6537, 19
6538, 22
6539, 26
6540, 22
6541, 40
6542, 20
6543, 33
6544, 25
6545, 28
6546, 34
6547, 32
6548, 28
6549, 25
6550, 25
6551, 30
6552, 24
6553, 36
6554, 20
6555, 16
6556, 24
6557, 23
6558, 12
6559, 23
6560, 15
6561, 25
6562, 25
6563, 25
6564, 27
6565, 15
6566, 23
6567, 27
6568, 23
6569, 15
6570, 27
6571, 33
6572, 27
6573, 24
6574, 16
6575, 31
6576, 34
6577, 29
6578, 27
6579, 22
6580, 20
6581, 19
6582, 19
6583, 20
6584, 31
6585, 22
6586, 32
6587, 21
6588, 18
6589, 22
6590, 29
6591, 24
6592, 24
6593, 31
6594, 21
6595, 28
6596, 35
6597, 29
6598, 20
6599, 19
6600, 20
6601, 25
6602, 24
6603, 27
6604, 32
6605, 24
6606, 24
6607, 30
6608, 19
6609, 22
6610, 31
6611, 34
6612, 14
6613, 21
6614, 22
6615, 26
6616, 30
6617, 23
6618, 26
6619, 20
6620, 31
6621, 27
6622, 25
6623, 20
6624, 19
6625, 26
6626, 32
6627, 28
6628, 19
6629, 28
6630, 27
6631, 15
6632, 21
6633, 25
6634, 21
6635, 24
6636, 15
6637, 20
6638, 14
6639, 15
6640, 23
6641, 14
6642, 28
6643, 30
6644, 36
6645, 19
6646, 23
6647, 29
6648, 20
6649, 20
6650, 27
6651, 28
6652, 29
6653, 19
6654, 22
6655, 24
6656, 27
6657, 24
6658, 25
6659, 19
6660, 21
6661, 21
6662, 30
6663, 26
6664, 26
6665, 25
6666, 20
6667, 21
6668, 17
6669, 23
6670, 16
6671, 33
6672, 24
6673, 29
6674, 27
6675, 26
6676, 22
6677, 27
6678, 25
6679, 23
6680, 18
6681, 25
6682, 23
6683, 26
6684, 29
6685, 23
6686, 28
6687, 21
6688, 30
6689, 26
6690, 22
6691, 28
6692, 28
6693, 23
6694, 29
6695, 24
6696, 33
6697, 25
6698, 18
6699, 20
6700, 28
6701, 12
6702, 33
6703, 28
6704, 19
6705, 35
6706, 31
6707, 26
6708, 27
6709, 20
6710, 21
6711, 20
6712, 19
6713, 24
6714, 20
6715, 17
6716, 30
6717, 26
6718, 31
6719, 26
6720, 18
6721, 35
6722, 18
6723, 19
6724, 24
6725, 24
6726, 22
6727, 22
6728, 28
6729, 30
6730, 24
6731, 34
6732, 26
6733, 23
6734, 23
6735, 25
6736, 23
6737, 29
6738, 28
6739, 24
6740, 20
6741, 23
6742, 20
6743, 23
6744, 28
6745, 21
6746, 26
6747, 24
6748, 31
6749, 23
6750, 20
6751, 24
6752, 24
6753, 21
6754, 20
6755, 26
6756, 21
6757, 30
6758, 15
6759, 25
6760, 31
6761, 27
6762, 27
6763, 26
6764, 29
6765, 24
6766, 30
6767, 21
6768, 19
6769, 29
6770, 31
6771, 30
6772, 20
6773, 24
6774, 29
6775, 21
6776, 27
6777, 17
6778, 33
6779, 18
6780, 22
6781, 21
6782, 28
6783, 22
6784, 31
6785, 26
6786, 37
6787, 23
6788, 23
6789, 31
6790, 23
6791, 30
6792, 23
6793, 27
6794, 24
6795, 13
6796, 24
6797, 19
6798, 23
6799, 38
6800, 27
6801, 28
6802, 16
6803, 25
6804, 25
6805, 24
6806, 20
6807, 22
6808, 19
6809, 28
6810, 21
6811, 28
6812, 28
6813, 24
6814, 27
6815, 27
6816, 24
6817, 27
6818, 22
6819, 29
6820, 19
6821, 26
6822, 24
6823, 21
6824, 19
6825, 23
6826, 26
6827, 19
6828, 28
6829, 23
6830, 28
6831, 30
6832, 30
6833, 31
6834, 30
6835, 27
6836, 25
6837, 28
6838, 15
6839, 18
6840, 17
6841, 27
6842, 23
6843, 22
6844, 24
6845, 24
6846, 24
6847, 26
6848, 29
6849, 21
6850, 23
6851, 22
6852, 22
6853, 29
6854, 26
6855, 19
6856, 22
6857, 29
6858, 28
6859, 26
6860, 28
6861, 30
6862, 28
6863, 29
6864, 21
6865, 20
6866, 31
6867, 29
6868, 30
6869, 21
6870, 26
6871, 20
6872, 23
6873, 30
6874, 31
6875, 15
6876, 34
6877, 27
6878, 25
6879, 26
6880, 22
6881, 30
6882, 25
6883, 23
6884, 27
6885, 25
6886, 22
6887, 24
6888, 24
6889, 30
6890, 21
6891, 21
6892, 21
6893, 28
6894, 30
6895, 28
6896, 20
6897, 23
6898, 25
6899, 29
6900, 27
6901, 23
6902, 21
6903, 23
6904, 22
6905, 15
6906, 22
6907, 29
6908, 31
6909, 17
6910, 32
6911, 14
6912, 26
6913, 23
6914, 27
6915, 25
6916, 24
6917, 24
6918, 25
6919, 19
6920, 27
6921, 22
6922, 22
6923, 27
6924, 26
6925, 28
6926, 23
6927, 11
6928, 26
6929, 22
6930, 18
6931, 25
6932, 21
6933, 19
6934, 28
6935, 26
6936, 26
6937, 20
6938, 18
6939, 26
6940, 19
6941, 32
6942, 29
6943, 28
6944, 23
6945, 30
6946, 26
6947, 26
6948, 27
6949, 27
6950, 28
6951, 29
6952, 22
6953, 18
6954, 34
6955, 24
6956, 26
6957, 28
6958, 21
6959, 21
6960, 29
6961, 29
6962, 20
6963, 26
6964, 27
6965, 26
6966, 18
6967, 20
6968, 29
6969, 23
6970, 28
6971, 23
6972, 28
6973, 20
6974, 20
6975, 35
6976, 26
6977, 23
6978, 28
6979, 13
6980, 34
6981, 31
6982, 25
6983, 23
6984, 21
6985, 32
6986, 27
6987, 20
6988, 26
6989, 27
6990, 30
6991, 20
6992, 17
6993, 19
6994, 24
6995, 27
6996, 19
6997, 37
6998, 30
6999, 23
7000, 28
7001, 19
7002, 24
7003, 29
7004, 28
7005, 28
7006, 27
7007, 24
7008, 28
7009, 25
7010, 24
7011, 18
7012, 16
7013, 21
7014, 17
7015, 18
7016, 18
7017, 28
7018, 18
7019, 18
7020, 30
7021, 23
7022, 31
7023, 20
7024, 19
7025, 18
7026, 26
7027, 23
7028, 27
7029, 26
7030, 19
7031, 30
7032, 22
7033, 28
7034, 17
7035, 27
7036, 26
7037, 25
7038, 26
7039, 21
7040, 23
7041, 17
7042, 32
7043, 23
7044, 27
7045, 19
7046, 22
7047, 23
7048, 28
7049, 27
7050, 15
7051, 24
7052, 25
7053, 35
7054, 22
7055, 30
7056, 13
7057, 36
7058, 26
7059, 20
7060, 15
7061, 15
7062, 26
7063, 31
7064, 25
7065, 23
7066, 17
7067, 16
7068, 28
7069, 18
7070, 16
7071, 20
7072, 32
7073, 24
7074, 23
7075, 18
7076, 18
7077, 30
7078, 33
7079, 18
7080, 31
7081, 24
7082, 29
7083, 26
7084, 15
7085, 20
7086, 28
7087, 27
7088, 27
7089, 27
7090, 39
7091, 23
7092, 33
7093, 27
7094, 25
7095, 17
7096, 24
7097, 27
7098, 23
7099, 22
7100, 22
7101, 24
7102, 18
7103, 23
7104, 25
7105, 18
7106, 28
7107, 21
7108, 21
7109, 24
7110, 22
7111, 26
7112, 24
7113, 27
7114, 27
7115, 24
7116, 17
7117, 33
7118, 23
7119, 28
7120, 20
7121, 26
7122, 20
7123, 29
7124, 21
7125, 21
7126, 21
7127, 23
7128, 27
7129, 11
7130, 19
7131, 21
7132, 23
7133, 26
7134, 14
7135, 30
7136, 22
7137, 24
7138, 28
7139, 24
7140, 18
7141, 24
7142, 32
7143, 28
7144, 34
7145, 35
7146, 28
7147, 23
7148, 17
7149, 19
7150, 17
7151, 26
7152, 25
7153, 35
7154, 24
7155, 19
7156, 28
7157, 25
7158, 21
7159, 18
7160, 21
7161, 19
7162, 28
7163, 29
7164, 15
7165, 26
7166, 19
7167, 32
7168, 25
7169, 20
7170, 31
7171, 34
7172, 19
7173, 24
7174, 30
7175, 24
7176, 24
7177, 40
7178, 16
7179, 17
7180, 25
7181, 19
7182, 18
7183, 29
7184, 34
7185, 27
7186, 17
7187, 25
7188, 22
7189, 32
7190, 23
7191, 28
7192, 27
7193, 28
7194, 20
7195, 25
7196, 26
7197, 22
7198, 27
7199, 24
7200, 23
7201, 26
7202, 24
7203, 25
7204, 25
7205, 20
7206, 29
7207, 21
7208, 33
7209, 16
7210, 22
7211, 25
7212, 25
7213, 21
7214, 26
7215, 31
7216, 27
7217, 29
7218, 23
7219, 24
7220, 29
7221, 26
7222, 18
7223, 18
7224, 22
7225, 24
7226, 20
7227, 31
7228, 30
7229, 34
7230, 32
7231, 17
7232, 24
7233, 27
7234, 28
7235, 20
7236, 27
7237, 21
7238, 26
7239, 22
7240, 18
7241, 24
7242, 23
7243, 27
7244, 27
7245, 27
7246, 28
7247, 20
7248, 25
7249, 17
7250, 25
7251, 21
7252, 27
7253, 14
7254, 24
7255, 21
7256, 26
7257, 17
7258, 24
7259, 14
7260, 23
7261, 22
7262, 21
7263, 21
7264, 23
7265, 21
7266, 18
7267, 24
7268, 19
7269, 33
7270, 25
7271, 26
7272, 22
7273, 26
7274, 12
7275, 28
7276, 20
7277, 29
7278, 22
7279, 21
7280, 31
7281, 18
7282, 29
7283, 23
7284, 32
7285, 20
7286, 20
7287, 20
7288, 15
7289, 18
7290, 23
7291, 24
7292, 25
7293, 27
7294, 32
7295, 28
7296, 19
7297, 12
7298, 28
7299, 26
7300, 23
7301, 20
7302, 21
7303, 18
7304, 34
7305, 26
7306, 16
7307, 24
7308, 31
7309, 30
7310, 29
7311, 31
7312, 27
7313, 22
7314, 21
7315, 27
7316, 30
7317, 22
7318, 25
7319, 27
7320, 29
7321, 22
7322, 28
7323, 16
7324, 22
7325, 20
7326, 28
7327, 30
7328, 27
7329, 22
7330, 25
7331, 24
7332, 18
7333, 23
7334, 20
7335, 15
7336, 24
7337, 22
7338, 23
7339, 25
7340, 22
7341, 20
7342, 22
7343, 28
7344, 16
7345, 22
7346, 23
7347, 20
7348, 30
7349, 20
7350, 21
7351, 25
7352, 20
7353, 25
7354, 21
7355, 22
7356, 25
7357, 25
7358, 26
7359, 25
7360, 21
7361, 26
7362, 24
7363, 19
7364, 32
7365, 26
7366, 29
7367, 24
7368, 26
7369, 22
7370, 15
7371, 21
7372, 15
7373, 19
7374, 21
7375, 19
7376, 19
7377, 29
7378, 30
7379, 19
7380, 26
7381, 31
7382, 18
7383, 34
7384, 12
7385, 24
7386, 22
7387, 23
7388, 31
7389, 32
7390, 20
7391, 21
7392, 25
7393, 18
7394, 24
7395, 24
7396, 27
7397, 20
7398, 23
7399, 18
7400, 19
7401, 23
7402, 20
7403, 19
7404, 23
7405, 19
7406, 24
7407, 25
7408, 20
7409, 18
7410, 21
7411, 27
7412, 26
7413, 27
7414, 36
7415, 33
7416, 23
7417, 18
7418, 14
7419, 28
7420, 27
7421, 18
7422, 31
7423, 20
7424, 17
7425, 24
7426, 33
7427, 31
7428, 10
7429, 25
7430, 20
7431, 24
7432, 21
7433, 25
7434, 21
7435, 18
7436, 16
7437, 10
7438, 15
7439, 21
7440, 22
7441, 21
7442, 18
7443, 29
7444, 25
7445, 20
7446, 21
7447, 24
7448, 23
7449, 22
7450, 21
7451, 22
7452, 27
7453, 20
7454, 24
7455, 17
7456, 27
7457, 27
7458, 19
7459, 18
7460, 24
7461, 27
7462, 23
7463, 24
7464, 26
7465, 19
7466, 20
7467, 24
7468, 24
7469, 17
7470, 26
7471, 27
7472, 19
7473, 15
7474, 17
7475, 34
7476, 16
7477, 31
7478, 25
7479, 24
7480, 20
7481, 19
7482, 29
7483, 26
7484, 26
7485, 23
7486, 21
7487, 31
7488, 19
7489, 18
7490, 28
7491, 15
7492, 25
7493, 23
7494, 19
7495, 20
7496, 22
7497, 24
7498, 31
7499, 28
7500, 20
7501, 25
7502, 21
7503, 14
7504, 23
7505, 25
7506, 14
7507, 25
7508, 18
7509, 19
7510, 19
7511, 26
7512, 18
7513, 22
7514, 27
7515, 22
7516, 20
7517, 20
7518, 16
7519, 18
7520, 22
7521, 27
7522, 25
7523, 33
7524, 23
7525, 21
7526, 22
7527, 26
7528, 14
7529, 27
7530, 28
7531, 23
7532, 21
7533, 22
7534, 33
7535, 21
7536, 27
7537, 27
7538, 21
7539, 23
7540, 20
7541, 22
7542, 22
7543, 26
7544, 23
7545, 20
7546, 26
7547, 24
7548, 18
7549, 19
7550, 24
7551, 27
7552, 25
7553, 21
7554, 28
7555, 34
7556, 21
7557, 21
7558, 23
7559, 27
7560, 20
7561, 22
7562, 19
7563, 21
7564, 18
7565, 21
7566, 24
7567, 18
7568, 23
7569, 29
7570, 18
7571, 24
7572, 16
7573, 22
7574, 21
7575, 25
7576, 27
7577, 18
7578, 25
7579, 22
7580, 26
7581, 24
7582, 18
7583, 19
7584, 21
7585, 23
7586, 28
7587, 21
7588, 39
7589, 18
7590, 16
7591, 28
7592, 19
7593, 24
7594, 20
7595, 27
7596, 33
7597, 27
7598, 25
7599, 24
7600, 27
7601, 30
7602, 33
7603, 23
7604, 18
7605, 24
7606, 28
7607, 21
7608, 25
7609, 21
7610, 26
7611, 20
7612, 28
7613, 17
7614, 24
7615, 25
7616, 22
7617, 25
7618, 20
7619, 28
7620, 22
7621, 24
7622, 23
7623, 33
7624, 16
7625, 27
7626, 22
7627, 22
7628, 18
7629, 25
7630, 28
7631, 19
7632, 26
7633, 17
7634, 23
7635, 17
7636, 20
7637, 25
7638, 19
7639, 23
7640, 25
7641, 27
7642, 24
7643, 25
7644, 24
7645, 31
7646, 15
7647, 21
7648, 31
7649, 17
7650, 27
7651, 23
7652, 30
7653, 25
7654, 23
7655, 16
7656, 24
7657, 25
7658, 22
7659, 23
7660, 32
7661, 32
7662, 23
7663, 17
7664, 21
7665, 23
7666, 17
7667, 24
7668, 16
7669, 19
7670, 27
7671, 20
7672, 30
7673, 26
7674, 25
7675, 18
7676, 21
7677, 18
7678, 24
7679, 29
7680, 23
7681, 22
7682, 18
7683, 28
7684, 29
7685, 26
7686, 21
7687, 23
7688, 18
7689, 23
7690, 28
7691, 31
7692, 25
7693, 14
7694, 22
7695, 20
7696, 26
7697, 18
7698, 21
7699, 19
7700, 13
7701, 26
7702, 17
7703, 23
7704, 19
7705, 23
7706, 18
7707, 26
7708, 25
7709, 33
7710, 18
7711, 14
7712, 22
7713, 18
7714, 18
7715, 19
7716, 21
7717, 19
7718, 15
7719, 15
7720, 21
7721, 28
7722, 31
7723, 23
7724, 20
7725, 16
7726, 33
7727, 28
7728, 23
7729, 24
7730, 24
7731, 17
7732, 36
7733, 24
7734, 24
7735, 19
7736, 25
7737, 26
7738, 14
7739, 20
7740, 28
7741, 17
7742, 25
7743, 28
7744, 19
7745, 22
7746, 18
7747, 22
7748, 31
7749, 20
7750, 25
7751, 27
7752, 15
7753, 30
7754, 28
7755, 16
7756, 34
7757, 16
7758, 26
7759, 21
7760, 29
7761, 20
7762, 23
7763, 23
7764, 19
7765, 30
7766, 16
7767, 20
7768, 32
7769, 22
7770, 23
7771, 18
7772, 22
7773, 24
7774, 30
7775, 22
7776, 20
7777, 18
7778, 26
7779, 29
7780, 22
7781, 27
7782, 29
7783, 26
7784, 21
7785, 21
7786, 16
7787, 28
7788, 18
7789, 26
7790, 23
7791, 23
7792, 21
7793, 21
7794, 17
7795, 25
7796, 22
7797, 33
7798, 25
7799, 29
7800, 19
7801, 21
7802, 19
7803, 31
7804, 16
7805, 24
7806, 26
7807, 33
7808, 24
7809, 28
7810, 18
7811, 25
7812, 25
7813, 27
7814, 21
7815, 21
7816, 19
7817, 19
7818, 24
7819, 18
7820, 25
7821, 26
7822, 31
7823, 24
7824, 22
7825, 17
7826, 26
7827, 21
7828, 14
7829, 24
7830, 22
7831, 23
7832, 26
7833, 35
7834, 27
7835, 28
7836, 31
7837, 21
7838, 24
7839, 22
7840, 22
7841, 21
7842, 22
7843, 15
7844, 27
7845, 22
7846, 23
7847, 25
7848, 25
7849, 17
7850, 18
7851, 23
7852, 30
7853, 24
7854, 21
7855, 23
7856, 18
7857, 26
7858, 32
7859, 17
7860, 20
7861, 17
7862, 14
7863, 29
7864, 22
7865, 19
7866, 24
7867, 36
7868, 27
7869, 22
7870, 26
7871, 16
7872, 26
7873, 26
7874, 14
7875, 25
7876, 28
7877, 20
7878, 27
7879, 23
7880, 28
7881, 20
7882, 36
7883, 20
7884, 25
7885, 23
7886, 22
7887, 26
7888, 23
7889, 22
7890, 26
7891, 23
7892, 23
7893, 25
7894, 28
7895, 19
7896, 22
7897, 30
7898, 22
7899, 21
7900, 30
7901, 22
7902, 28
7903, 33
7904, 14
7905, 20
7906, 35
7907, 23
7908, 20
7909, 22
7910, 30
7911, 13
7912, 28
7913, 22
7914, 24
7915, 26
7916, 18
7917, 22
7918, 17
7919, 16
7920, 8
7921, 17
7922, 19
7923, 29
7924, 24
7925, 32
7926, 20
7927, 26
7928, 23
7929, 18
7930, 25
7931, 21
7932, 25
7933, 21
7934, 22
7935, 24
7936, 31
7937, 18
7938, 22
7939, 39
7940, 21
7941, 33
7942, 25
7943, 19
7944, 24
7945, 16
7946, 23
7947, 31
7948, 25
7949, 26
7950, 27
7951, 24
7952, 23
7953, 21
7954, 25
7955, 22
7956, 22
7957, 28
7958, 24
7959, 22
7960, 22
7961, 29
7962, 30
7963, 21
7964, 18
7965, 28
7966, 20
7967, 27
7968, 26
7969, 18
7970, 20
7971, 30
7972, 20
7973, 19
7974, 22
7975, 14
7976, 27
7977, 23
7978, 20
7979, 27
7980, 18
7981, 17
7982, 21
7983, 27
7984, 22
7985, 20
7986, 23
7987, 19
7988, 25
7989, 32
7990, 15
7991, 15
7992, 15
7993, 22
7994, 22
7995, 19
7996, 22
7997, 23
7998, 22
7999, 26
8000, 16
8001, 20
8002, 29
8003, 28
8004, 16
8005, 24
8006, 20
8007, 21
8008, 31
8009, 27
8010, 24
8011, 34
8012, 22
8013, 24
8014, 25
8015, 29
8016, 11
8017, 19
8018, 16
8019, 20
8020, 22
8021, 26
8022, 21
8023, 22
8024, 22
8025, 30
8026, 22
8027, 15
8028, 19
8029, 16
8030, 29
8031, 24
8032, 18
8033, 24
8034, 23
8035, 17
8036, 25
8037, 26
8038, 20
8039, 21
8040, 28
8041, 30
8042, 21
8043, 21
8044, 21
8045, 19
8046, 26
8047, 26
8048, 17
8049, 30
8050, 22
8051, 29
8052, 20
8053, 18
8054, 24
8055, 17
8056, 23
8057, 20
8058, 32
8059, 26
8060, 27
8061, 23
8062, 31
8063, 19
8064, 23
8065, 18
8066, 21
8067, 22
8068, 25
8069, 22
8070, 35
8071, 25
8072, 22
8073, 27
8074, 19
8075, 23
8076, 17
8077, 20
8078, 21
8079, 24
8080, 26
8081, 18
8082, 18
8083, 16
8084, 17
8085, 23
8086, 22
8087, 16
8088, 21
8089, 17
8090, 24
8091, 24
8092, 15
8093, 19
8094, 18
8095, 17
8096, 34
8097, 20
8098, 18
8099, 24
8100, 20
8101, 24
8102, 16
8103, 16
8104, 29
8105, 25
8106, 21
8107, 19
8108, 24
8109, 34
8110, 24
8111, 23
8112, 28
8113, 20
8114, 24
8115, 18
8116, 22
8117, 11
8118, 20
8119, 18
8120, 27
8121, 17
8122, 20
8123, 21
8124, 19
8125, 23
8126, 18
8127, 28
8128, 26
8129, 22
8130, 21
8131, 23
8132, 25
8133, 12
8134, 21
8135, 29
8136, 25
8137, 16
8138, 23
8139, 18
8140, 27
8141, 26
8142, 20
8143, 29
8144, 27
8145, 23
8146, 25
8147, 19
8148, 22
8149, 21
8150, 24
8151, 21
8152, 19
8153, 16
8154, 22
8155, 18
8156, 18
8157, 14
8158, 14
8159, 24
8160, 22
8161, 29
8162, 21
8163, 22
8164, 18
8165, 24
8166, 18
8167, 16
8168, 25
8169, 17
8170, 29
8171, 22
8172, 19
8173, 22
8174, 20
8175, 24
8176, 12
8177, 23
8178, 19
8179, 28
8180, 19
8181, 16
8182, 31
8183, 19
8184, 23
8185, 25
8186, 24
8187, 23
8188, 20
8189, 25
8190, 17
8191, 24
8192, 22
8193, 29
8194, 22
8195, 27
8196, 21
8197, 14
8198, 18
8199, 30
8200, 31
8201, 25
8202, 22
8203, 15
8204, 22
8205, 27
8206, 24
8207, 22
8208, 26
8209, 19
8210, 26
8211, 21
8212, 18
8213, 26
8214, 21
8215, 30
8216, 22
8217, 18
8218, 25
8219, 22
8220, 25
8221, 22
8222, 11
8223, 39
8224, 23
8225, 22
8226, 27
8227, 26
8228, 25
8229, 27
8230, 30
8231, 19
8232, 18
8233, 40
8234, 16
8235, 17
8236, 29
8237, 21
8238, 27
8239, 22
8240, 22
8241, 22
8242, 18
8243, 12
8244, 26
8245, 24
8246, 23
8247, 23
8248, 28
8249, 28
8250, 19
8251, 22
8252, 24
8253, 28
8254, 24
8255, 19
8256, 26
8257, 31
8258, 13
8259, 19
8260, 24
8261, 25
8262, 15
8263, 21
8264, 30
8265, 29
8266, 24
8267, 18
8268, 20
8269, 19
8270, 24
8271, 20
8272, 26
8273, 19
8274, 17
8275, 19
8276, 26
8277, 17
8278, 19
8279, 30
8280, 18
8281, 24
8282, 22
8283, 20
8284, 17
8285, 22
8286, 29
8287, 17
8288, 17
8289, 35
8290, 18
8291, 26
8292, 14
8293, 22
8294, 20
8295, 24
8296, 26
8297, 25
8298, 22
8299, 20
8300, 17
8301, 18
8302, 23
8303, 24
8304, 33
8305, 21
8306, 19
8307, 20
8308, 20
8309, 16
8310, 28
8311, 25
8312, 26
8313, 16
8314, 29
8315, 21
8316, 19
8317, 20
8318, 14
8319, 25
8320, 29
8321, 23
8322, 22
8323, 27
8324, 22
8325, 24
8326, 35
8327, 25
8328, 18
8329, 18
8330, 22
8331, 30
8332, 30
8333, 36
8334, 15
8335, 18
8336, 17
8337, 26
8338, 17
8339, 23
8340, 20
8341, 22
8342, 22
8343, 28
8344, 20
8345, 30
8346, 27
8347, 20
8348, 24
8349, 24
8350, 14
8351, 28
8352, 23
8353, 19
8354, 22
8355, 16
8356, 17
8357, 20
8358, 32
8359, 27
8360, 17
8361, 17
8362, 26
8363, 15
8364, 14
8365, 14
8366, 28
8367, 25
8368, 17
8369, 23
8370, 17
8371, 17
8372, 21
8373, 26
8374, 23
8375, 28
8376, 16
8377, 26
8378, 15
8379, 23
8380, 12
8381, 20
8382, 23
8383, 23
8384, 19
8385, 28
8386, 22
8387, 15
8388, 23
8389, 24
8390, 27
8391, 21
8392, 24
8393, 15
8394, 25
8395, 14
8396, 25
8397, 18
8398, 29
8399, 18
8400, 18
8401, 23
8402, 22
8403, 28
8404, 18
8405, 23
8406, 28
8407, 17
8408, 13
8409, 25
8410, 25
8411, 22
8412, 25
8413, 24
8414, 25
8415, 19
8416, 19
8417, 21
8418, 19
8419, 28
8420, 12
8421, 28
8422, 23
8423, 13
8424, 22
8425, 28
8426, 28
8427, 22
8428, 19
8429, 22
8430, 19
8431, 26
8432, 16
8433, 21
8434, 31
8435, 19
8436, 21
8437, 25
8438, 21
8439, 14
8440, 21
8441, 17
8442, 19
8443, 17
8444, 20
8445, 17
8446, 27
8447, 22
8448, 24
8449, 19
8450, 20
8451, 26
8452, 18
8453, 25
8454, 23
8455, 23
8456, 21
8457, 17
8458, 22
8459, 17
8460, 25
8461, 23
8462, 21
8463, 22
8464, 17
8465, 18
8466, 26
8467, 25
8468, 21
8469, 23
8470, 19
8471, 25
8472, 13
8473, 18
8474, 23
8475, 21
8476, 25
8477, 14
8478, 30
8479, 30
8480, 21
8481, 20
8482, 27
8483, 18
8484, 24
8485, 18
8486, 24
8487, 24
8488, 17
8489, 23
8490, 21
8491, 23
8492, 31
8493, 15
8494, 29
8495, 17
8496, 18
8497, 25
8498, 23
8499, 18
8500, 25
8501, 20
8502, 20
8503, 20
8504, 24
8505, 32
8506, 22
8507, 19
8508, 28
8509, 15
8510, 17
8511, 24
8512, 23
8513, 27
8514, 27
8515, 26
8516, 28
8517, 30
8518, 21
8519, 13
8520, 19
8521, 19
8522, 19
8523, 28
8524, 24
8525, 33
8526, 19
8527, 22
8528, 25
8529, 20
8530, 13
8531, 18
8532, 25
8533, 18
8534, 27
8535, 15
8536, 22
8537, 33
8538, 24
8539, 27
8540, 16
8541, 15
8542, 21
8543, 24
8544, 22
8545, 17
8546, 20
8547, 19
8548, 18
8549, 26
8550, 21
8551, 30
8552, 16
8553, 25
8554, 18
8555, 21
8556, 24
8557, 21
8558, 28
8559, 29
8560, 22
8561, 31
8562, 19
8563, 17
8564, 31
8565, 28
8566, 28
8567, 27
8568, 12
8569, 26
8570, 18
8571, 23
8572, 21
8573, 25
8574, 12
8575, 15
8576, 18
8577, 22
8578, 14
8579, 17
8580, 28
8581, 20
8582, 24
8583, 26
8584, 17
8585, 18
8586, 26
8587, 20
8588, 18
8589, 22
8590, 25
8591, 18
8592, 16
8593, 18
8594, 18
8595, 21
8596, 17
8597, 32
8598, 24
8599, 26
8600, 25
8601, 19
8602, 29
8603, 25
8604, 25
8605, 23
8606, 18
8607, 16
8608, 17
8609, 17
8610, 19
8611, 21
8612, 24
8613, 16
8614, 25
8615, 26
8616, 16
8617, 31
8618, 21
8619, 21
8620, 19
8621, 23
8622, 24
8623, 20
8624, 24
8625, 20
8626, 18
8627, 27
8628, 33
8629, 25
8630, 24
8631, 16
8632, 33
8633, 25
8634, 16
8635, 16
8636, 15
8637, 15
8638, 16
8639, 18
8640, 24
8641, 23
8642, 19
8643, 18
8644, 25
8645, 19
8646, 21
8647, 29
8648, 18
8649, 19
8650, 25
8651, 24
8652, 25
8653, 20
8654, 21
8655, 22
8656, 17
8657, 22
8658, 12
8659, 29
8660, 21
8661, 27
8662, 11
8663, 20
8664, 22
8665, 26
8666, 21
8667, 23
8668, 25
8669, 17
8670, 20
8671, 21
8672, 26
8673, 32
8674, 24
8675, 20
8676, 27
8677, 33
8678, 24
8679, 19
8680, 22
8681, 22
8682, 24
8683, 29
8684, 24
8685, 21
8686, 16
8687, 24
8688, 11
8689, 19
8690, 25
8691, 27
8692, 25
8693, 23
8694, 21
8695, 18
8696, 19
8697, 22
8698, 20
8699, 16
8700, 22
8701, 15
8702, 20
8703, 28
8704, 22
8705, 19
8706, 28
8707, 25
8708, 17
8709, 17
8710, 22
8711, 24
8712, 15
8713, 25
8714, 28
8715, 21
8716, 20
8717, 25
8718, 21
8719, 18
8720, 29
8721, 26
8722, 27
8723, 25
8724, 23
8725, 26
8726, 25
8727, 12
8728, 22
8729, 26
8730, 16
8731, 29
8732, 13
8733, 25
8734, 21
8735, 20
8736, 17
8737, 19
8738, 17
8739, 21
8740, 24
8741, 18
8742, 11
8743, 24
8744, 20
8745, 15
8746, 21
8747, 23
8748, 16
8749, 18
8750, 21
8751, 26
8752, 16
8753, 19
8754, 15
8755, 25
8756, 24
8757, 24
8758, 21
8759, 17
8760, 24
8761, 26
8762, 19
8763, 26
8764, 21
8765, 22
8766, 23
8767, 21
8768, 24
8769, 20
8770, 15
8771, 25
8772, 18
8773, 29
8774, 23
8775, 23
8776, 20
8777, 19
8778, 17
8779, 20
8780, 15
8781, 20
8782, 24
8783, 24
8784, 34
8785, 27
8786, 19
8787, 23
8788, 23
8789, 21
8790, 21
8791, 22
8792, 24
8793, 20
8794, 17
8795, 22
8796, 23
8797, 18
8798, 21
8799, 24
8800, 23
8801, 13
8802, 14
8803, 22
8804, 15
8805, 19
8806, 15
8807, 21
8808, 31
8809, 25
8810, 28
8811, 20
8812, 22
8813, 17
8814, 22
8815, 18
8816, 17
8817, 21
8818, 20
8819, 21
8820, 24
8821, 15
8822, 23
8823, 21
8824, 25
8825, 23
8826, 12
8827, 23
8828, 18
8829, 18
8830, 25
8831, 14
8832, 21
8833, 17
8834, 18
8835, 16
8836, 27
8837, 25
8838, 23
8839, 22
8840, 16
8841, 23
8842, 14
8843, 21
8844, 28
8845, 23
8846, 30
8847, 28
8848, 22
8849, 19
8850, 24
8851, 23
8852, 15
8853, 20
8854, 22
8855, 17
8856, 25
8857, 19
8858, 20
8859, 18
8860, 18
8861, 29
8862, 16
8863, 24
8864, 26
8865, 20
8866, 20
8867, 14
8868, 24
8869, 26
8870, 21
8871, 23
8872, 18
8873, 16
8874, 15
8875, 20
8876, 22
8877, 20
8878, 22
8879, 28
8880, 24
8881, 17
8882, 22
8883, 21
8884, 26
8885, 22
8886, 23
8887, 24
8888, 20
8889, 20
8890, 24
8891, 15
8892, 21
8893, 22
8894, 20
8895, 28
8896, 12
8897, 25
8898, 18
8899, 20
8900, 20
8901, 23
8902, 19
8903, 18
8904, 11
8905, 15
8906, 21
8907, 18
8908, 18
8909, 24
8910, 25
8911, 22
8912, 19
8913, 11
8914, 25
8915, 22
8916, 19
8917, 16
8918, 27
8919, 24
8920, 17
8921, 17
8922, 24
8923, 32
8924, 32
8925, 25
8926, 22
8927, 29
8928, 23
8929, 23
8930, 19
8931, 33
8932, 23
8933, 26
8934, 16
8935, 17
8936, 28
8937, 24
8938, 30
8939, 21
8940, 23
8941, 32
8942, 16
8943, 17
8944, 23
8945, 21
8946, 22
8947, 21
8948, 20
8949, 23
8950, 15
8951, 17
8952, 24
8953, 30
8954, 24
8955, 25
8956, 21
8957, 30
8958, 26
8959, 22
8960, 21
8961, 26
8962, 22
8963, 17
8964, 22
8965, 11
8966, 24
8967, 25
8968, 24
8969, 28
8970, 20
8971, 15
8972, 26
8973, 30
8974, 21
8975, 18
8976, 16
8977, 29
8978, 17
8979, 19
8980, 26
8981, 15
8982, 20
8983, 20
8984, 24
8985, 25
8986, 21
8987, 21
8988, 28
8989, 22
8990, 22
8991, 14
8992, 14
8993, 15
8994, 20
8995, 13
8996, 13
8997, 20
8998, 16
8999, 26
9000, 24
9001, 20
9002, 21
9003, 26
9004, 25
9005, 24
9006, 18
9007, 20
9008, 28
9009, 22
9010, 24
9011, 22
9012, 27
9013, 26
9014, 28
9015, 15
9016, 20
9017, 24
9018, 19
9019, 20
9020, 22
9021, 17
9022, 21
9023, 27
9024, 26
9025, 19
9026, 31
9027, 22
9028, 16
9029, 21
9030, 19
9031, 27
9032, 26
9033, 26
9034, 27
9035, 17
9036, 21
9037, 17
9038, 30
9039, 24
9040, 25
9041, 19
9042, 20
9043, 32
9044, 26
9045, 27
9046, 23
9047, 25
9048, 13
9049, 20
9050, 25
9051, 28
9052, 14
9053, 23
9054, 19
9055, 22
9056, 18
9057, 17
9058, 23
9059, 20
9060, 17
9061, 24
9062, 24
9063, 26
9064, 14
9065, 20
9066, 18
9067, 16
9068, 24
9069, 25
9070, 14
9071, 17
9072, 22
9073, 20
9074, 19
9075, 16
9076, 21
9077, 20
9078, 24
9079, 22
9080, 27
9081, 17
9082, 17
9083, 27
9084, 14
9085, 17
9086, 25
9087, 19
9088, 18
9089, 25
9090, 19
9091, 22
9092, 28
9093, 30
9094, 22
9095, 24
9096, 37
9097, 15
9098, 27
9099, 19
9100, 30
9101, 15
9102, 17
9103, 19
9104, 16
9105, 22
9106, 28
9107, 26
9108, 20
9109, 23
9110, 18
9111, 13
9112, 23
9113, 23
9114, 22
9115, 13
9116, 17
9117, 24
9118, 16
9119, 25
9120, 20
9121, 27
9122, 28
9123, 20
9124, 22
9125, 23
9126, 19
9127, 11
9128, 22
9129, 16
9130, 26
9131, 23
9132, 27
9133, 22
9134, 16
9135, 21
9136, 24
9137, 20
9138, 18
9139, 18
9140, 18
9141, 22
9142, 19
9143, 23
9144, 27
9145, 33
9146, 27
9147, 25
9148, 22
9149, 15
9150, 20
9151, 28
9152, 23
9153, 24
9154, 21
9155, 18
9156, 21
9157, 15
9158, 24
9159, 21
9160, 22
9161, 27
9162, 23
9163, 18
9164, 22
9165, 16
9166, 10
9167, 20
9168, 26
9169, 21
9170, 20
9171, 20
9172, 20
9173, 14
9174, 18
9175, 24
9176, 24
9177, 32
9178, 17
9179, 19
9180, 34
9181, 24
9182, 19
9183, 15
9184, 33
9185, 22
9186, 23
9187, 14
9188, 20
9189, 19
9190, 21
9191, 25
9192, 24
9193, 20
9194, 21
9195, 30
9196, 18
9197, 15
9198, 20
9199, 21
9200, 20
9201, 18
9202, 33
9203, 23
9204, 17
9205, 29
9206, 13
9207, 24
9208, 28
9209, 22
9210, 17
9211, 20
9212, 32
9213, 16
9214, 14
9215, 26
9216, 21
9217, 20
9218, 18
9219, 21
9220, 18
9221, 18
9222, 16
9223, 13
9224, 22
9225, 19
9226, 18
9227, 29
9228, 19
9229, 25
9230, 18
9231, 29
9232, 15
9233, 27
9234, 18
9235, 17
9236, 25
9237, 20
9238, 15
9239, 24
9240, 20
9241, 15
9242, 17
9243, 13
9244, 22
9245, 20
9246, 16
9247, 20
9248, 16
9249, 25
9250, 19
9251, 20
9252, 27
9253, 25
9254, 25
9255, 9
9256, 25
9257, 23
9258, 22
9259, 19
9260, 12
9261, 20
9262, 20
9263, 23
9264, 15
9265, 20
9266, 27
9267, 29
9268, 17
9269, 23
9270, 23
9271, 24
9272, 16
9273, 20
9274, 26
9275, 31
9276, 25
9277, 27
9278, 17
9279, 24
9280, 14
9281, 16
9282, 10
9283, 26
9284, 17
9285, 15
9286, 23
9287, 30
9288, 21
9289, 24
9290, 19
9291, 23
9292, 20
9293, 11
9294, 15
9295, 24
9296, 22
9297, 21
9298, 18
9299, 19
9300, 23
9301, 20
9302, 24
9303, 12
9304, 16
9305, 18
9306, 14
9307, 24
9308, 24
9309, 23
9310, 27
9311, 28
9312, 14
9313, 24
9314, 28
9315, 26
9316, 14
9317, 23
9318, 17
9319, 25
9320, 17
9321, 24
9322, 20
9323, 16
9324, 17
9325, 21
9326, 14
9327, 23
9328, 22
9329, 27
9330, 22
9331, 26
9332, 25
9333, 25
9334, 12
9335, 20
9336, 22
9337, 23
9338, 20
9339, 27
9340, 18
9341, 22
9342, 30
9343, 15
9344, 17
9345, 22
9346, 23
9347, 25
9348, 18
9349, 22
9350, 24
9351, 14
9352, 17
9353, 19
9354, 21
9355, 18
9356, 19
9357, 15
9358, 20
9359, 21
9360, 18
9361, 18
9362, 22
9363, 22
9364, 23
9365, 17
9366, 22
9367, 15
9368, 26
9369, 20
9370, 25
9371, 24
9372, 24
9373, 15
9374, 20
9375, 17
9376, 28
9377, 23
9378, 24
9379, 21
9380, 22
9381, 11
9382, 19
9383, 18
9384, 24
9385, 19
9386, 23
9387, 17
9388, 20
9389, 20
9390, 21
9391, 28
9392, 18
9393, 32
9394, 17
9395, 24
9396, 23
9397, 17
9398, 18
9399, 27
9400, 17
9401, 31
9402, 18
9403, 19
9404, 26
9405, 24
9406, 21
9407, 18
9408, 24
9409, 23
9410, 21
9411, 19
9412, 12
9413, 14
9414, 18
9415, 15
9416, 21
9417, 22
9418, 30
9419, 23
9420, 13
9421, 25
9422, 21
9423, 30
9424, 15
9425, 20
9426, 25
9427, 24
9428, 14
9429, 16
9430, 26
9431, 27
9432, 25
9433, 17
9434, 23
9435, 24
9436, 21
9437, 21
9438, 21
9439, 15
9440, 22
9441, 20
9442, 18
9443, 20
9444, 29
9445, 19
9446, 30
9447, 21
9448, 33
9449, 15
9450, 27
9451, 33
9452, 22
9453, 15
9454, 23
9455, 22
9456, 17
9457, 20
9458, 20
9459, 20
9460, 16
9461, 26
9462, 21
9463, 26
9464, 22
9465, 21
9466, 22
9467, 18
9468, 23
9469, 20
9470, 21
9471, 15
9472, 15
9473, 27
9474, 19
9475, 16
9476, 29
9477, 19
9478, 13
9479, 22
9480, 19
9481, 16
9482, 18
9483, 21
9484, 24
9485, 21
9486, 22
9487, 22
9488, 22
9489, 23
9490, 27
9491, 25
9492, 24
9493, 18
9494, 19
9495, 19
9496, 22
9497, 19
9498, 26
9499, 26
9500, 14
9501, 27
9502, 27
9503, 29
9504, 19
9505, 25
9506, 18
9507, 26
9508, 19
9509, 17
9510, 19
9511, 17
9512, 26
9513, 26
9514, 23
9515, 26
9516, 24
9517, 19
9518, 14
9519, 16
9520, 23
9521, 23
9522, 25
9523, 23
9524, 12
9525, 26
9526, 23
9527, 27
9528, 16
9529, 13
9530, 22
9531, 12
9532, 17
9533, 11
9534, 22
9535, 16
9536, 20
9537, 24
9538, 24
9539, 16
9540, 15
9541, 19
9542, 24
9543, 22
9544, 17
9545, 26
9546, 17
9547, 12
9548, 17
9549, 29
9550, 21
9551, 17
9552, 29
9553, 23
9554, 16
9555, 22
9556, 21
9557, 28
9558, 28
9559, 22
9560, 19
9561, 22
9562, 30
9563, 17
9564, 25
9565, 24
9566, 22
9567, 20
9568, 22
9569, 23
9570, 16
9571, 24
9572, 25
9573, 20
9574, 26
9575, 18
9576, 21
9577, 26
9578, 26
9579, 24
9580, 19
9581, 22
9582, 23
9583, 13
9584, 16
9585, 20
9586, 18
9587, 19
9588, 21
9589, 20
9590, 22
9591, 19
9592, 28
9593, 15
9594, 24
9595, 22
9596, 23
9597, 18
9598, 36
9599, 29
9600, 27
9601, 21
9602, 23
9603, 13
9604, 23
9605, 17
9606, 23
9607, 20
9608, 19
9609, 19
9610, 17
9611, 21
9612, 26
9613, 19
9614, 26
9615, 22
9616, 14
9617, 22
9618, 13
9619, 16
9620, 18
9621, 11
9622, 25
9623, 19
9624, 23
9625, 22
9626, 20
9627, 17
9628, 12
9629, 18
9630, 29
9631, 19
9632, 16
9633, 28
9634, 24
9635, 21
9636, 18
9637, 34
9638, 17
9639, 21
9640, 26
9641, 16
9642, 17
9643, 18
9644, 17
9645, 21
9646, 21
9647, 19
9648, 24
9649, 25
9650, 17
9651, 29
9652, 21
9653, 16
9654, 27
9655, 25
9656, 19
9657, 21
9658, 19
9659, 20
9660, 16
9661, 21
9662, 25
9663, 22
9664, 14
9665, 9
9666, 20
9667, 22
9668, 22
9669, 26
9670, 20
9671, 25
9672, 18
9673, 18
9674, 19
9675, 16
9676, 21
9677, 18
9678, 17
9679, 20
9680, 23
9681, 17
9682, 18
9683, 25
9684, 17
9685, 20
9686, 29
9687, 19
9688, 28
9689, 16
9690, 19
9691, 25
9692, 28
9693, 21
9694, 26
9695, 15
9696, 11
9697, 20
9698, 13
9699, 25
9700, 23
9701, 18
9702, 16
9703, 16
9704, 17
9705, 22
9706, 20
9707, 21
9708, 18
9709, 22
9710, 30
9711, 18
9712, 15
9713, 26
9714, 21
9715, 28
9716, 19
9717, 17
9718, 28
9719, 17
9720, 19
9721, 20
9722, 21
9723, 24
9724, 28
9725, 20
9726, 25
9727, 18
9728, 23
9729, 33
9730, 25
9731, 23
9732, 22
9733, 20
9734, 15
9735, 20
9736, 17
9737, 24
9738, 18
9739, 20
9740, 27
9741, 22
9742, 18
9743, 20
9744, 24
9745, 23
9746, 21
9747, 31
9748, 23
9749, 17
9750, 25
9751, 17
9752, 16
9753, 15
9754, 12
9755, 15
9756, 19
9757, 17
9758, 26
9759, 19
9760, 22
9761, 20
9762, 25
9763, 25
9764, 16
9765, 17
9766, 14
9767, 24
9768, 23
9769, 23
9770, 26
9771, 18
9772, 18
9773, 17
9774, 19
9775, 13
9776, 14
9777, 27
9778, 25
9779, 12
9780, 21
9781, 22
9782, 21
9783, 24
9784, 15
9785, 32
9786, 16
9787, 23
9788, 17
9789, 19
9790, 21
9791, 19
9792, 24
9793, 22
9794, 16
9795, 27
9796, 29
9797, 18
9798, 17
9799, 21
9800, 15
9801, 19
9802, 21
9803, 19
9804, 28
9805, 19
9806, 19
9807, 16
9808, 28
9809, 14
9810, 20
9811, 17
9812, 16
9813, 17
9814, 17
9815, 19
9816, 17
9817, 23
9818, 28
9819, 25
9820, 25
9821, 22
9822, 21
9823, 20
9824, 21
9825, 13
9826, 24
9827, 20
9828, 22
9829, 19
9830, 16
9831, 26
9832, 22
9833, 20
9834, 29
9835, 15
9836, 16
9837, 14
9838, 22
9839, 24
9840, 21
9841, 19
9842, 28
9843, 33
9844, 18
9845, 20
9846, 34
9847, 20
9848, 20
9849, 21
9850, 19
9851, 18
9852, 24
9853, 12
9854, 27
9855, 15
9856, 21
9857, 24
9858, 19
9859, 14
9860, 15
9861, 18
9862, 13
9863, 20
9864, 23
9865, 28
9866, 10
9867, 26
9868, 21
9869, 26
9870, 29
9871, 21
9872, 24
9873, 16
9874, 17
9875, 18
9876, 27
9877, 18
9878, 16
9879, 25
9880, 18
9881, 16
9882, 25
9883, 20
9884, 20
9885, 18
9886, 27
9887, 21
9888, 25
9889, 19
9890, 14
9891, 18
9892, 20
9893, 12
9894, 24
9895, 16
9896, 22
9897, 20
9898, 12
9899, 23
9900, 13
9901, 21
9902, 16
9903, 24
9904, 20
9905, 22
9906, 25
9907, 18
9908, 15
9909, 26
9910, 19
9911, 22
9912, 15
9913, 23
9914, 25
9915, 20
9916, 24
9917, 17
9918, 26
9919, 19
9920, 25
9921, 22
9922, 20
9923, 15
9924, 14
9925, 15
9926, 21
9927, 16
9928, 21
9929, 19
9930, 24
9931, 27
9932, 23
9933, 13
9934, 25
9935, 30
9936, 13
9937, 19
9938, 22
9939, 22
9940, 21
9941, 20
9942, 21
9943, 24
9944, 18
9945, 17
9946, 23
9947, 23
9948, 23
9949, 17
9950, 15
9951, 15
9952, 18
9953, 18
9954, 19
9955, 17
9956, 16
9957, 13
9958, 20
9959, 10
9960, 21
9961, 9
9962, 22
9963, 17
9964, 20
9965, 23
9966, 27
9967, 16
9968, 25
9969, 24
9970, 27
9971, 21
9972, 20
9973, 21
9974, 26
9975, 19
9976, 21
9977, 22
9978, 18
9979, 17
9980, 14
9981, 23
9982, 24
9983, 22
9984, 18
9985, 22
9986, 13
9987, 23
9988, 15
9989, 22
9990, 25
9991, 26
9992, 22
9993, 15
9994, 16
9995, 19
9996, 23
9997, 22
9998, 18
9999, 24
